<?xml version="1.0" encoding="UTF-8"?>
<ReferenceSystems xmlns="http://www.prorail.nl/IMSpoor" xmlns:gml="http://www.opengis.net/gml" xmlns:xsi="http://www.w3.org/2001/XMLSchema-instance" xsi:schemaLocation="http://www.prorail.nl/IMSpoor IMSpoor-ReferenceSystems.xsd" xmlns:xs="http://www.w3.org/2001/XMLSchema" imxVersion="15.1.0">
	<DocumentReferences>
		<BaseReference parentDocumentName="IMSpoor-SignalingDesign.xml" parentHashcode="0cf1e28c667cdd403ec284f71e6ac7379dd903ab5076bb24b96c3208e1853724"/>
	</DocumentReferences>
	<KilometerRibbons>
		<KilometerRibbon puic="2c1cc13b-93a9-451f-89cb-0bebf9b42f37" name="Asd-Zvg" kmFrom="1.458" kmTo="111.03" description="Amsterdam Centraal - Zevenaar Grens">
			<Location>
				<GeographicLocation dataAcquisitionMethod="Sketch">
					<gml:LineString srsName="EPSG:28992">
						<gml:coordinates>122998.007,484386.612 123011.966,484348.978 123046.189,484255.314 123075.3,484161.5 123094.2,484062.7 123122.4,483964.5 123152.2,483868.5 123186.4,483774.3 123221.1,483681.8 123261.9,483590.2</gml:coordinates>
					</gml:LineString>
				</GeographicLocation>
			</Location>
			<Measures>1.458 1.5 1.6 1.7 1.8 1.9 2 2.1 2.2 2.3</Measures>
			<MeasuringLine labelValue="100.0">
				<GeographicLocation dataAcquisitionMethod="Design">
					<gml:MultiLineString>
						<gml:lineStringMember>
							<gml:LineString>
								<gml:coordinates>122998.007,484386.612 123011.966,484348.978</gml:coordinates>
							</gml:LineString>
						</gml:lineStringMember>
						<gml:lineStringMember>
							<gml:LineString>
								<gml:coordinates>122998.500,484386.612 123011.966,484348.200</gml:coordinates>
							</gml:LineString>
						</gml:lineStringMember>
					</gml:MultiLineString>
				</GeographicLocation>
			</MeasuringLine>
		</KilometerRibbon>
	</KilometerRibbons>
	<GeocodeAreas>
		<GeocodeArea puic="3bf6d2f2-3035-48f3-af41-f70c336b67a8" name="212" description="Zevenaar">
			<Location>
				<GeographicLocation dataAcquisitionMethod="Constructed">
					<gml:MultiPolygon srsName="EPSG:28992">
						<gml:polygonMember>
							<gml:Polygon>
								<gml:outerBoundaryIs>
									<gml:LinearRing>
										<gml:coordinates>203941,437124.9 212128.3,441028.5 214991.2,441208.7 217805,441093.8 219975.4,438823.4 221769.5,437581.8 222508.5,436810.5 229019.4,439037 233996.1,437992.5 236513.9,437327.1 237960,437376.5 241225.7,438619.1 244661.3,439478.8 246258.3,441447.8 246844.7,441719.4 246999.8,441948.3 247144.525,442332.399 246481.1,442182 246400.4,441994.1 246100.6,441960.9 245827.5,442107.3 244236.5,440145.7 241000.5,439335.9 237809.8,438121.8 236598.7,438080.5 234169.1,438722.5 228971.7,439813.4 222718.8,437675 222258.6,438155.4 220464.9,439396.7 218138,441830.8 214982.9,441959.7 211936.4,441767.9 202984.8,437475.7 203018.2,437082.7 203424.9,437101.3 203941,437124.9</gml:coordinates>
									</gml:LinearRing>
								</gml:outerBoundaryIs>
							</gml:Polygon>
						</gml:polygonMember>
					</gml:MultiPolygon>
				</GeographicLocation>
			</Location>
			<GeoSubcodeAreaRefs>64424d90-a96a-429c-9b05-662f8c8b42b0</GeoSubcodeAreaRefs>
		</GeocodeArea>
	</GeocodeAreas>
	<GeoSubcodeAreas>
		<GeoSubcodeArea puic="cd74dab1-239d-4c89-a065-8da6bfa9dc30" name="611_a">
			<Location>
				<GeographicLocation dataAcquisitionMethod="Sketch">
					<gml:MultiPolygon srsName="EPSG:28992">
						<gml:polygonMember>
							<gml:Polygon>
								<gml:outerBoundaryIs>
									<gml:LinearRing>
										<gml:coordinates>202922.9,437108 203018.2,437082.7 202984.8,437475.7 202945.4,437490.1 202922.9,437108</gml:coordinates>
									</gml:LinearRing>
								</gml:outerBoundaryIs>
							</gml:Polygon>
						</gml:polygonMember>
					</gml:MultiPolygon>
				</GeographicLocation>
			</Location>
		</GeoSubcodeArea>
	</GeoSubcodeAreas>
</ReferenceSystems>
