<?xml version="1.0" encoding="UTF-8"?>
<SystemConfiguration xmlns="http://www.prorail.nl/IMSpoor" xmlns:gml="http://www.opengis.net/gml" xmlns:xsi="http://www.w3.org/2001/XMLSchema-instance" xsi:schemaLocation="http://www.prorail.nl/IMSpoor IMSpoor-Communication.xsd">
	<CentralSafetySystemAreas>
		<CentralSafetySystemArea puic="cf179da3-0010-47bb-9bfc-ba949bf98c82" centralSafetySystemRef="c914ab9c-97c2-41cd-8ba8-cc1708fdc904">			
			<EntryMarkers>
				<DemarcationMarker railConnectionRef="4c61f54d-bfe3-4c09-a362-d8125428af84" direction="Downstream" atMeasure="123"/>
				<DemarcationMarker railConnectionRef="4c61f54d-bfe3-4c09-a362-d8125428af84" direction="Upstream" atMeasure="532"/>
			</EntryMarkers>
			<ExitMarkers>
				<DemarcationMarker railConnectionRef="4c61f54d-bfe3-4c09-a362-d8125428af84" direction="Upstream" atMeasure="143"/>
				<DemarcationMarker railConnectionRef="4c61f54d-bfe3-4c09-a362-d8125428af84" direction="Downstream" atMeasure="512"/>
			</ExitMarkers>
		</CentralSafetySystemArea>
	</CentralSafetySystemAreas>
	<CentralSafetySystems>
		<CentralSafetySystem puic="c914ab9c-97c2-41cd-8ba8-cc1708fdc904" restartTimer="30" trafficControlSystemRef="5588bdaa-e048-4753-b0f2-46affd9275c3" axleCounterResetTimer="5" allowsResetByPms="False">
			<Location>
				<GeographicLocation dataAcquisitionMethod="DGPS">
					<gml:Point>
						<gml:coordinates>80502.232,431958.462</gml:coordinates>
					</gml:Point>
				</GeographicLocation>
			</Location>
			<RadioBlockCenterRefs>0853830a-abfa-4f20-a906-371c66ea58ce</RadioBlockCenterRefs>			
			<InterlockingUnitRefs>a2a2721c-897f-4d73-82ef-b6db5c07d9dd</InterlockingUnitRefs>
			<WorkzoneSystemRefs>fb9d77f4-ad40-46be-8a55-4e47ce8b3ac3</WorkzoneSystemRefs>
			<TemporaryShuntingAreaRefs>1c1cd82b-2430-4169-b486-6ed55922600c</TemporaryShuntingAreaRefs>
			<TtiNotificationFunctionalRoute tunnelTechnicalInstallationRef="4c0303fc-adb8-4cb4-9298-f92d2a8d8792" functionalRouteRef="929b7d38-691c-4495-ace2-3857e1eb036f"/>
			<TtiNotificationSection tunnelTechnicalInstallationRef="4c0303fc-adb8-4cb4-9298-f92d2a8d8792" sectionRef="f6255214-ebd9-445c-8cc0-22d69effb8cd"/>
			<TtiNotificationWorkzone tunnelTechnicalInstallationRef="4c0303fc-adb8-4cb4-9298-f92d2a8d8792" workzoneSystemRef="0287b027-eac6-4f0e-8ff5-66227cb26b18"/>
		</CentralSafetySystem>
	</CentralSafetySystems>
	<RadioBlockCenterAreas>
		<RadioBlockCenterArea puic="c7583ff5-825a-486a-862b-f332edacd02e" radioBlockCenterRef="0853830a-abfa-4f20-a906-371c66ea58ce">
			<DemarcationMarkers>
				<DemarcationMarker railConnectionRef="4c61f54d-bfe3-4c09-a362-d8125428af84" direction="Downstream" atMeasure="123"/>
				<DemarcationMarker railConnectionRef="4c61f54d-bfe3-4c09-a362-d8125428af84" direction="Upstream" atMeasure="512"/>
			</DemarcationMarkers>
		</RadioBlockCenterArea>
	</RadioBlockCenterAreas>
	<RadioBlockCenters>
		<RadioBlockCenter puic="0853830a-abfa-4f20-a906-371c66ea58ce" acknowledgementTimer="55" generalMessageIntervalTimer="5" minimalUserDataRate="1024" permissionToShuntTimer="45" stopInShuntingSuppressionTimer="40" departureDetectionDelayTimer="15" couplingLength="50" permissionToDriveTimer="40" standStillDetectionInterval="5">
			<Location>
				<GeographicLocation dataAcquisitionMethod="DGPS">
					<gml:Point>
						<gml:coordinates>80502.232,431958.462</gml:coordinates>
					</gml:Point>
				</GeographicLocation>
			</Location>
			<NID_C>3</NID_C>
			<NID_RBC>6</NID_RBC>
			<NID_RADIO>1FFFFFFFFFFFFFFF</NID_RADIO>
			<T_CYCLOC>5</T_CYCLOC>
			<D_VALIDNV>130</D_VALIDNV>
			<CsModeParameters maxRetransmissionAttempts="4" rxWindowSize="6" txWindowSize="14" rxIFrameBits="1024" txIFrameBits="312" acknowledgeTime="1.5" localProcessingDelayTime="79" outOfServiceTime="2" inactivityTime="2"/>
			<MaRequestParameters>
				<T_CYCRQST>10</T_CYCRQST>
				<T_MAR>20</T_MAR>
				<T_TIMEOUTRQST>1023</T_TIMEOUTRQST>
			</MaRequestParameters>
			<TcpParameters tcpNoDelay="True" maxTcpSegmentSize="1416" tcpKeepAliveProbes="3" tcpUserTimeout="20" tcpKeepAliveInterval="3" tcpKeepAliveTime="12"/>
		</RadioBlockCenter>
	</RadioBlockCenters>
	<InterlockingAreas>
		<InterlockingArea puic="a2a2721c-897f-4d73-82ef-b6db5c07d9dd" interlockingUnitRef="a2a2721c-897f-4d73-82ef-b6db5c07d9dd">
			<DemarcationMarkers>
				<DemarcationMarker railConnectionRef="4c61f54d-bfe3-4c09-a362-d8125428af84" direction="Downstream" atMeasure="123"/>
				<DemarcationMarker railConnectionRef="4c61f54d-bfe3-4c09-a362-d8125428af84" direction="Upstream" atMeasure="512"/>
			</DemarcationMarkers>
		</InterlockingArea>
	</InterlockingAreas>
	<InterlockingUnits>
		<InterlockingUnit puic="a2a2721c-897f-4d73-82ef-b6db5c07d9dd">
			<Location>
				<GeographicLocation dataAcquisitionMethod="DGPS">
					<gml:Point>
						<gml:coordinates>80502.232,431958.462</gml:coordinates>
					</gml:Point>
				</GeographicLocation>
			</Location>
		</InterlockingUnit>
	</InterlockingUnits>
	<OpenLineTracks>
		<OpenLineTrack puic="86f8ee02-ea86-4611-8fd4-a17024092119" openLineSafetySystemRef="04e9b18c-ea50-40a1-9b2b-07c4545c54a4">
			<DemarcationObject objectRef="93225b78-1a21-44f1-813b-386850063c51" direction="Upstream"/>
			<DemarcationObject objectRef="5f98b0ef-3d38-4dbf-8acc-b270b80c5179" direction="Upstream"/>
		</OpenLineTrack>
	</OpenLineTracks>
	<OpenLineSafetySystems>
		<OpenLineSafetySystem puic="04e9b18c-ea50-40a1-9b2b-07c4545c54a4" openLineSafetySystemType="RRK" controlledOperationalPointRef="cbe5bff6-7514-42be-8d23-39781dca528d">
			<Location>
				<GeographicLocation dataAcquisitionMethod="DGPS">
					<gml:Point>
						<gml:coordinates>80502.232,431958.462</gml:coordinates>
					</gml:Point>
				</GeographicLocation>
			</Location>
		</OpenLineSafetySystem>
	</OpenLineSafetySystems>
	<TrafficControlSystems>
		<TrafficControlSystem puic="5588bdaa-e048-4753-b0f2-46affd9275c3" name="TCS1">
			<Location>
				<GeographicLocation dataAcquisitionMethod="DGPS">
					<gml:Point>
						<gml:coordinates>80502.232,431958.462</gml:coordinates>
					</gml:Point>
				</GeographicLocation>
			</Location>
		</TrafficControlSystem>
	</TrafficControlSystems>
	<TechnicalSystems>
		<TechnicalSystem puic="62aa9eab-171f-4dc5-b35c-c48eaa045762" name="Bijzondere apparatuur">
			<Location>
				<GeographicLocation dataAcquisitionMethod="DGPS">
					<gml:Point>
						<gml:coordinates>80502.232,431958.462</gml:coordinates>
					</gml:Point>
				</GeographicLocation>
			</Location>
		</TechnicalSystem>
	</TechnicalSystems>
	<ConditionNotifications>
		<ConditionNotification receivingSystemRef="5588bdaa-e048-4753-b0f2-46affd9275c3" objectRef="62aa9eab-171f-4dc5-b35c-c48eaa045762" isInverted="False" isSuppressed="False"/>
	</ConditionNotifications>
	<SystemNetworkModules>
		<SystemNetworkModule puic="e19e0bd8-d40c-46c2-aadd-0a0f98dff5d4" moduleType="ETIS" name="ETIS-1" defaultRaStaId="#00000062">
			<ComputingElement identification="ETIS 00">
				<PhysicalNetworkInterface label="1">
					<LogicalNetworkInterface puic="998f1786-5a8e-4c72-91c9-a52253d14776" ipAddress="11.0.0.123" vlanId="10"/>
				</PhysicalNetworkInterface>
			</ComputingElement>
			<ComputingElement identification="ETIS 01">
				<PhysicalNetworkInterface label="1">
					<LogicalNetworkInterface puic="5eb35adf-62d5-445d-95a4-49204a1fbbcb" ipAddress="11.0.0.124" vlanId="10"/>
				</PhysicalNetworkInterface>
			</ComputingElement>
		</SystemNetworkModule>
		<SystemNetworkModule puic="4ec995c5-5fb4-4148-adaa-cd215012519c" moduleType="ASTRIS" name="ASTRIS-1" defaultRaStaId="#00000063">
			<ComputingElement identification="ASTRIS 00">
				<PhysicalNetworkInterface label="1">
					<LogicalNetworkInterface puic="d04b89fb-ab16-4fd1-b43d-37f2fddff066" ipAddress="10.0.11.15" subnetMask="/16" gateway="10.0.11.1" vlanId="5">
						<NetworkRoute nextHopIpAddress="10.0.11.1" targetIpAddress="10.0.12.1" targetSubnetMask="/16"/>
					</LogicalNetworkInterface>
				</PhysicalNetworkInterface>
			</ComputingElement>
		</SystemNetworkModule>
	</SystemNetworkModules>
	<RaStaNetworks>
	<RaStaNetwork puic="4ece2cd9-9231-480a-8bb9-6c0a5472131a" md4SafetyCode="1bee69a46ba811185c194762abaeae90" name="ETIS-1 - ASTRIS-1 verbinding (RaSTA)">
	<RaStaConnection systemNetworkModuleARef="e19e0bd8-d40c-46c2-aadd-0a0f98dff5d4" systemNetworkModuleBRef="4ec995c5-5fb4-4148-adaa-cd215012519c" raStaIdA="#00000062" raStaIdB="#00000063">
		<RaStaChannel label="channel1" fromLogicalNetworkInterfaceRef="5eb35adf-62d5-445d-95a4-49204a1fbbcb" toLogicalNetworkInterfaceRef="d04b89fb-ab16-4fd1-b43d-37f2fddff066" udpPort="10420"/>
	</RaStaConnection>
	</RaStaNetwork>
	</RaStaNetworks>
	<SctpNetworks>
		<SctpNetwork puic="00f025e7-d0ab-4033-b1cf-4664c85971fc" name="ETIS-1 - ASTRIS-1 verbinding (SCTP)">
			<SctpConnection sctpPortNumber="1" clientSystemNetworkModuleRef="e19e0bd8-d40c-46c2-aadd-0a0f98dff5d4" serverSystemNetworkModuleRef="4ec995c5-5fb4-4148-adaa-cd215012519c">
				<SctpChannel label="channel1" logicalNetworkInterfaceRef="998f1786-5a8e-4c72-91c9-a52253d14776"/>
			</SctpConnection>
		</SctpNetwork>
	</SctpNetworks>
</SystemConfiguration>
