<?xml version="1.0" encoding="UTF-8"?>
<KilometerValues xmlns="http://www.prorail.nl/IMSpoor" xmlns:xsi="http://www.w3.org/2001/XMLSchema-instance" xsi:schemaLocation="http://www.prorail.nl/IMSpoor IMSpoor-KilometerValues.xsd" xmlns:xs="http://www.w3.org/2001/XMLSchema" imxVersion="15.0.0">
	<DocumentReferences>
		<BaseReference parentDocumentName="IMSpoor-SignalingDesign.xml" parentHashcode="0cf1e28c667cdd403ec284f71e6ac7379dd903ab5076bb24b96c3208e1853724"/>
	</DocumentReferences>
	<KmRibbonLocations>
		<KmRibbonLocation objectRef="a9e6a356-da92-4f80-af84-b8ddf7630319" kmRibbonRef="2c1cc13b-93a9-451f-89cb-0bebf9b42f37" value="33.5"/>
		<KmRibbonLocation objectRef="9339e31a-babb-4083-b8cd-16c08870be41" kmRibbonRef="2c1cc13b-93a9-451f-89cb-0bebf9b42f37" value="33.5"/>
		<KmRibbonLocation objectRef="6cf5ad62-a779-40e9-9d79-1ca3364cecd5" kmRibbonRef="2c1cc13b-93a9-451f-89cb-0bebf9b42f37" value="33.5"/>
		<KmRibbonLocation objectRef="6cf5ad62-a779-40e9-9d79-1ca3364cecd5" kmRibbonRef="2c1cc13b-93a9-451f-89cb-0bebf9b42f37" value="33.5"/>
		<KmRibbonLocation objectRef="ceb38f3e-87a4-43f4-97a9-a6e1c9f9338f" kmRibbonRef="2c1cc13b-93a9-451f-89cb-0bebf9b42f37" value="33.5"/>
		<KmRibbonLocation objectRef="9e7b0714-899d-4356-8acd-ad64f17f2026" kmRibbonRef="2c1cc13b-93a9-451f-89cb-0bebf9b42f37" value="33.5"/>
	</KmRibbonLocations>
</KilometerValues>
