<?xml version="1.0" encoding="UTF-8"?>
<DomainIdentification xmlns="http://www.prorail.nl/IMSpoor" xmlns:xsi="http://www.w3.org/2001/XMLSchema-instance" xmlns:gml="http://www.opengis.net/gml" xsi:schemaLocation="http://www.prorail.nl/IMSpoor IMSpoor-DomainIdentification.xsd" xmlns:xs="http://www.w3.org/2001/XMLSchema" imxVersion="15.0.0">
	<DocumentReferences>
		<BaseReference parentDocumentName="IMSpoor-SignalingDesign.xml" parentHashcode="0cf1e28c667cdd403ec284f71e6ac7379dd903ab5076bb24b96c3208e1853724"/>
	</DocumentReferences>
	<SystemIdentifications>
		<SystemIdentification objectRef="a9e6a356-da92-4f80-af84-b8ddf7630319" identificationSchema="BEVNL" objectName="W1" objectType="WISSEL" areaName="Ams" areaType="PPLG"/>
	</SystemIdentifications>
	<RouteIdentifications>
		<RouteIdentification routeRef="62afb2ec-2212-4284-b95b-bf2ab8c763bc" identificationSchema="ASTRIS" lrString="LRLR"/>
	</RouteIdentifications>	
</DomainIdentification>