<?xml version="1.0" encoding="UTF-8"?>
<LogisticsAreas xmlns="http://www.prorail.nl/IMSpoor" xmlns:xsi="http://www.w3.org/2001/XMLSchema-instance" xmlns:gml="http://www.opengis.net/gml" xsi:schemaLocation="http://www.prorail.nl/IMSpoor IMSpoor-LogisticsAreas.xsd" xmlns:xs="http://www.w3.org/2001/XMLSchema" imxVersion="15.0.0">
	<DocumentReferences>
		<BaseReference parentDocumentName="IMSpoor-SignalingDesign.xml" parentHashcode="0cf1e28c667cdd403ec284f71e6ac7379dd903ab5076bb24b96c3208e1853724"/>
	</DocumentReferences>
	<OperationalPointConnections>
		<OperationalPointConnection puic="7ef0db90-886b-4fd4-a335-61ea8c93f3fa" name="Did_Zv" fromOperationalPointRef="45cf677e-fc01-4cf3-a5d5-36f384bed2e2" toOperationalPointRef="3c2d1e2d-3c9b-41e8-bd3d-7e4e9b423e8b"/>
	</OperationalPointConnections>
	<OperationalPoints>
		<OperationalPoint operationalPointType="Station" serviceCode="StopStation" isControlled="True" countryCode="NL" uicCode="00174" puic="45cf677e-fc01-4cf3-a5d5-36f384bed2e2" name="Did" description="Didam" isBlockPoint="False" passThroughMandatory="False" stationSize="Medium" hasWorkshop="True" hasGasStation="True">
			<TrackFragments>
				<TrackFragment railConnectionRef="3d3b75d3-e575-4ffe-ac69-b95f85cee62e" fromMeasure="0.0" toMeasure="343.705"/>
			</TrackFragments>
			<SharedDemarcations>
				<SharedDemarcation sharedDemarcationMarkerRef="e5d90e63-0026-4fa4-ad93-acfb13ed9d05" direction="Upstream"/>
			</SharedDemarcations>
			<HeartPoint>
				<GeographicLocation dataAcquisitionMethod="ManuallyDigitized">
					<gml:Point>
						<gml:coordinates>205877.79,438403.877</gml:coordinates>
					</gml:Point>
				</GeographicLocation>
			</HeartPoint>
			<OpenLineSafetySystemRefs>04e9b18c-ea50-40a1-9b2b-07c4545c54a4</OpenLineSafetySystemRefs>
		</OperationalPoint>
		<OperationalPoint puic="3c2d1e2d-3c9b-41e8-bd3d-7e4e9b423e8b" operationalPointType="Station" serviceCode="StopStation" isControlled="True" countryCode="NL" uicCode="00174" name="Zv" description="Zevenaar" isBlockPoint="False" passThroughMandatory="False" stationSize="Medium" hasWorkshop="True" hasGasStation="True">
			<TrackFragments>
				<TrackFragment railConnectionRef="3d3b75d3-e575-4ffe-ac69-b95f85cee62e" fromMeasure="0.0" toMeasure="343.705"/>
			</TrackFragments>
			<SharedDemarcations>
				<SharedDemarcation sharedDemarcationMarkerRef="e5d90e63-0026-4fa4-ad93-acfb13ed9d05" direction="Upstream"/>
			</SharedDemarcations>
			<HeartPoint>
				<GeographicLocation dataAcquisitionMethod="ManuallyDigitized">
					<gml:Point>
						<gml:coordinates>202128,437362</gml:coordinates>
					</gml:Point>
				</GeographicLocation>
			</HeartPoint>
		</OperationalPoint>
	</OperationalPoints>
	<OperationalPointTracks>
		<OperationalPointTrack puic="4918f2f3-6a06-4a68-b8e7-137c499a6b86" name="809" ppcTrackRef="c6853999-f988-4d2e-baaa-8033c719975f" function="EntryExit" operationalPointRef="45cf677e-fc01-4cf3-a5d5-36f384bed2e2">
			<TrackFragments>
				<TrackFragment railConnectionRef="e58f9956-ac7d-4f6c-b8c4-c25dcf110aea" fromMeasure="582.808" toMeasure="593.837"/>
			</TrackFragments>
			<DemarcationMarkers>
				<DemarcationMarker railConnectionRef="e58f9956-ac7d-4f6c-b8c4-c25dcf110aea" direction="Upstream" atMeasure="582.808"/>
				<DemarcationMarker railConnectionRef="e58f9956-ac7d-4f6c-b8c4-c25dcf110aea" direction="Downstream" atMeasure="593.837"/>
			</DemarcationMarkers>
		</OperationalPointTrack>
	</OperationalPointTracks>
	<OpenLines>
		<OpenLine puic="013e03a7-cb44-41b2-91f7-f38204b84d6e" name="212008" description="Did_Zv" cardinalDirection="North">
			<TrackFragments>
				<TrackFragment railConnectionRef="3d3b75d3-e575-4ffe-ac69-b95f85cee62e" fromMeasure="343.705" toMeasure="3627.459"/>
			</TrackFragments>
			<SharedDemarcations>
				<SharedDemarcation sharedDemarcationMarkerRef="e5d90e63-0026-4fa4-ad93-acfb13ed9d05" direction="Downstream"/>
				<SharedDemarcation sharedDemarcationMarkerRef="b363ae7f-2a9f-4343-97b8-924d4bb9da39" direction="Upstream"/>
			</SharedDemarcations>
		</OpenLine>
	</OpenLines>
	<SharedDemarcationMarkers>
		<SharedDemarcationMarker puic="e5d90e63-0026-4fa4-ad93-acfb13ed9d05" railConnectionRef="3d3b75d3-e575-4ffe-ac69-b95f85cee62e" atMeasure="343.705"/>
		<SharedDemarcationMarker puic="b363ae7f-2a9f-4343-97b8-924d4bb9da39" railConnectionRef="3d3b75d3-e575-4ffe-ac69-b95f85cee62e" atMeasure="3627.459"/>
		<SharedDemarcationMarker puic="fafd2d37-1cb0-492a-a26f-7a76deb8aa86" railConnectionRef="e58f9956-ac7d-4f6c-b8c4-c25dcf110aea" atMeasure="30"/>
		<SharedDemarcationMarker puic="1a276ff0-c350-436a-aefa-885f30b2375b" railConnectionRef="e58f9956-ac7d-4f6c-b8c4-c25dcf110aea" atMeasure="40"/>
	</SharedDemarcationMarkers>
	<Ppcs>
		<Ppc puic="c5d001c1-0dd7-4a75-8e6b-4fcfc9b8abce" name="ZVO" description="Zevenaar Oost">
			<ControlledOperationalPointRefs>27114caa-63e8-4735-ada5-311992776899 27114caa-63e8-4735-ada5-311992776899</ControlledOperationalPointRefs>
			<EntrySignalRefs>f2de66a0-6376-41ff-838e-d72ce25bae44</EntrySignalRefs>
		</Ppc>
	</Ppcs>
	<TrafficControlAreas>
		<TrafficControlArea puic="b8db2e8c-adf9-4d80-aeaf-1873c7984c7e" name="KFH" description="Kijfhoek">
			<PpcRefs>a276d546-bc98-454b-ba1d-3b0a017f28b9</PpcRefs>
			<UncontrolledOperationalPointRefs/>
			<OpenLineRefs/>
		</TrafficControlArea>
	</TrafficControlAreas>
	<InfraAtlasAreas>
		<InfraAtlasArea puic="14131aa6-3d32-48e1-8fde-438b51060362" name="Amf" description="Amersfoort" infraAtlasAreaType="Connection">
			<OperationalPointRefs>03c45666-6513-404b-92ec-83bbb87955a9</OperationalPointRefs>
			<OpenLineRefs>c7872c84-61d7-4879-8e68-8b70c88f52ac 441ee759-e701-48ba-82e3-246de8d534cb</OpenLineRefs>
		</InfraAtlasArea>
	</InfraAtlasAreas>
	<!-- Dit voorbeeld test vooral de cardinaliteit, een echte S-Bocht in data heeft veel infradata nodig -->
	<PpcPpcBoundaries>
		<PpcPpcBoundary puic="6908183b-cd7f-47d6-a57b-0e39e3fd927a" sharedDemarcationMarkerRef="e5d90e63-0026-4fa4-ad93-acfb13ed9d05">
			<PpcEntrySignalRefs>f2de66a0-6376-41ff-838e-d72ce25bae44 65ccaade-e1c7-43e8-975b-e377951ba621</PpcEntrySignalRefs>
			<BoundaryConfiguration>
				<ConnectingOperationalPointConfigRecord operationalPointRef="45cf677e-fc01-4cf3-a5d5-36f384bed2e2" operationalPointTrackRef="4918f2f3-6a06-4a68-b8e7-137c499a6b86" operationalPointTrackFunction="EntryExit" infraAtlasAreaRef="14131aa6-3d32-48e1-8fde-438b51060362" connectingOperationalPointRef="45cf677e-fc01-4cf3-a5d5-36f384bed2e2" connectingOperationalPointTrackRef="4918f2f3-6a06-4a68-b8e7-137c499a6b86"/>
				<ExtendedOperationalPointOpenLineConfigRecord operationalPointRef="45cf677e-fc01-4cf3-a5d5-36f384bed2e2" operationalPointTrackRef="4918f2f3-6a06-4a68-b8e7-137c499a6b86" operationalPointTrackFunction="EntryExit" infraAtlasAreaRef="14131aa6-3d32-48e1-8fde-438b51060362" connectingOperationalPointRef="45cf677e-fc01-4cf3-a5d5-36f384bed2e2" connectingOperationalPointTrackRef="4918f2f3-6a06-4a68-b8e7-137c499a6b86" extendedOperationalPointRef="45cf677e-fc01-4cf3-a5d5-36f384bed2e2" extendedOperationalPointTrackRef="4918f2f3-6a06-4a68-b8e7-137c499a6b86" openLineRef="013e03a7-cb44-41b2-91f7-f38204b84d6e"/>
			</BoundaryConfiguration>
			<BoundaryConfiguration>
				<ConnectingOperationalPointConfigRecord operationalPointRef="45cf677e-fc01-4cf3-a5d5-36f384bed2e2" operationalPointTrackRef="4918f2f3-6a06-4a68-b8e7-137c499a6b86" operationalPointTrackFunction="EntryExit" infraAtlasAreaRef="14131aa6-3d32-48e1-8fde-438b51060362" connectingOperationalPointRef="45cf677e-fc01-4cf3-a5d5-36f384bed2e2" connectingOperationalPointTrackRef="4918f2f3-6a06-4a68-b8e7-137c499a6b86"/>
				<ExtendedOperationalPointConfigRecord operationalPointRef="45cf677e-fc01-4cf3-a5d5-36f384bed2e2" operationalPointTrackRef="4918f2f3-6a06-4a68-b8e7-137c499a6b86" operationalPointTrackFunction="Other" infraAtlasAreaRef="14131aa6-3d32-48e1-8fde-438b51060362" extendedOperationalPointRef="45cf677e-fc01-4cf3-a5d5-36f384bed2e2" extendedOperationalPointTrackRef="4918f2f3-6a06-4a68-b8e7-137c499a6b86"/>
			</BoundaryConfiguration>
		</PpcPpcBoundary>
	</PpcPpcBoundaries>
</LogisticsAreas>
