<?xml version="1.0" encoding="UTF-8"?>
<!-- Dit bestand bevat voorbeelden van IMSpoor-RailwayElectrification elementen.
		Disclaimers:
		1. Alle informatie is fictief,
		2. Alle referenties naar PUIC's zijn fictief,
		3. Alle elementen hebben dezelfde locatie, richting en track referentie.
-->
<RailwayElectrification xmlns="http://www.prorail.nl/IMSpoor" xmlns:gml="http://www.opengis.net/gml" xmlns:xsi="http://www.w3.org/2001/XMLSchema-instance" xsi:schemaLocation="http://www.prorail.nl/IMSpoor IMSpoor-RailwayElectrification.xsd">
	<OverheadLineTopology>
		<MicroNodesRe>
			<MicroNodeRe junctionReRef="e0ab603c-ba73-4285-ba5c-141f80ef008f"/>
			<MicroNodeRe junctionReRef="d591a233-026a-4b15-9325-40540755a9e1"/>
		</MicroNodesRe>
		<MicroLinksRe>
			<MicroLinkRe implementationReObjectRef="1a38c25d-2ecf-4695-921b-60e6347f9393">
				<FromMicroNode nodeRef="e0ab603c-ba73-4285-ba5c-141f80ef008f" portIndex="0"/>
				<ToMicroNode nodeRef="d591a233-026a-4b15-9325-40540755a9e1" portIndex="0"/>
			</MicroLinkRe>
		</MicroLinksRe>
	</OverheadLineTopology>
	<Insulators>
		<Insulator puic="6bc6b4fb-fb6a-422e-98e0-4011e20674a3" isDriveable="True">
			<Location>
				<GeographicLocation dataAcquisitionMethod="Constructed">
					<gml:Point srsName="EPSG:28992">
						<gml:coordinates>202361.017,437300.21</gml:coordinates>
					</gml:Point>
				</GeographicLocation>
			</Location>
		</Insulator>
	</Insulators>
	<OverheadLineSectionBreaks>
		<OverheadLineSectionBreak puic="7107d33d-faa7-4540-862b-971cf2f8b7df" name="Spaninrichting_Vleuten" overheadLineSectionBreakType="Open">
			<Location>
				<GeographicLocation dataAcquisitionMethod="Constructed">
					<gml:Point srsName="EPSG:28992">
						<gml:coordinates>136015.370,455719.930</gml:coordinates>
					</gml:Point>
				</GeographicLocation>
			</Location>
			<ParallelWires puic="8f872832-7a66-46db-b6be-e62739a13389" name="Overnameveld_betuwe" description="Overnameveld_betuwe_rechterkant_tiel">
				<DemarcationMarkers>
					<DemarcationMarker railConnectionRef="b7a11a30-5036-4a69-aec8-99c39aa5b4ad" direction="Upstream" atMeasure="541.12"/>
					<DemarcationMarker railConnectionRef="d5668072-373e-421e-b251-ea83b17fee31" direction="Upstream" atMeasure="562.45"/>
				</DemarcationMarkers>
				<WirePartInfo wirePartRef="8477e174-5414-4776-a707-5516ccea467f" fromMeasure="01.75" toMeasure="02.05"/>
				<WirePartInfo wirePartRef="e082be65-622d-4b21-b53f-5d7bf2c07633" fromMeasure="89.75" toMeasure="90.00"/>
			</ParallelWires>
			<SlopingWires puic="9c8ff689-a89e-4aa0-a28d-84759bb7870f" name="Uitloopveld_veluwe" description="Uitloopveld_veluwe_einde_apeldoorn">
				<DemarcationMarkers>
					<DemarcationMarker railConnectionRef="8960730b-492e-4c8f-83db-40a6187700a6" direction="Downstream" atMeasure="90.76"/>
					<DemarcationMarker railConnectionRef="91fc9b95-23aa-43d4-b00f-4c2d7f80e866" direction="Downstream" atMeasure="75.09"/>
				</DemarcationMarkers>
				<WirePartInfo wirePartRef="b0f4cede-973c-4695-a450-e571779e3269" fromMeasure="0.00" toMeasure="1.25"/>
			</SlopingWires>
		</OverheadLineSectionBreak>
	</OverheadLineSectionBreaks>
	<PhaseBreaks>
		<PhaseBreak puic="e26cc5f8-ec31-4857-b435-579d2951f867">
			<PhaseBreakDemarcationRefs>19201312-cf18-4ea5-b2b4-a759a6b950e4 5f5ba15a-9fbb-49ed-b152-9a577bea2ae7</PhaseBreakDemarcationRefs>
		</PhaseBreak>
	</PhaseBreaks>
	<Tensioners>
		<Tensioner puic="1270d082-39d5-4903-9961-0adc47ef2bdd" tensionerType="Spring" overheadLineSectionBreakRef="88a7f66b-bcd8-4120-8dee-817fc7c1b5ec" poleRef="42a20f08-1fd9-460a-986f-1b4f1e4b3aab" overheadLineVoltageType="V25000">
			<Location>
				<GeographicLocation dataAcquisitionMethod="GPS">
					<gml:Point>
						<gml:coordinates>242.7817546,419.4598109</gml:coordinates>
					</gml:Point>
				</GeographicLocation>
			</Location>
		</Tensioner>
		<Tensioner puic="0c2e60f9-532b-47f5-ae7a-0bfe6d3e35e7" tensionerType="Fixed" overheadLineSectionBreakRef="3ae756a3-cc80-4c1f-a705-7bdb362a4ea1" overheadLineVoltageType="Unknown">
			<Location>
				<GeographicLocation dataAcquisitionMethod="DerivedFromRibbon">
					<gml:Point srsName="EPSG:28992">
						<gml:coordinates>112.7817546,896.4598109</gml:coordinates>
					</gml:Point>
				</GeographicLocation>
			</Location>
		</Tensioner>
	</Tensioners>
	<Wires>
		<NegativeFeeders>
			<NegativeFeeder puic="fd9eae50-dc04-4fc5-8915-fe961370fcf4" name="Negatieve_feeder_terbregseplein" wireCompositionType="5x 120 mm^2" wireLength="123.22" fromTensionPointObjectRef="3d48c523-99ce-4d13-abdf-219d59285a83" toTensionPointObjectRef="ddd0fc54-1be9-4174-ba5a-a02ecea3f2fd" energySupplySystemType="B1">
				<Location>
					<GeographicLocation dataAcquisitionMethod="Design">
						<gml:LineString>
							<gml:coordinates>30.159,15.713 30.159,15.713 30.159,15.713, 30.159,15.713</gml:coordinates>
						</gml:LineString>
					</GeographicLocation>
				</Location>
				<RailConnectionInfo railConnectionRef="c52dec6e-ea78-4916-aaf1-bdb850e175d3" direction="Downstream" atMeasure="12.00"/>
				<WireMaterialInfo wireMaterial="Staal" fromMeasure="13.05" toMeasure="14.98"/>
			</NegativeFeeder>
		</NegativeFeeders>
		<NegativeFeederParts>
			<NegativeFeederPart puic="7afca750-8583-4204-8353-b1c3071d1c16" wireRef="9d2e34dc-f982-424f-98ed-e6e13370e94f">
				<Location>
					<GeographicLocation dataAcquisitionMethod="ManuallyDigitized">
						<gml:LineString srsName="EPSG:28992">
							<gml:coordinates>123491.699,345224.8810101 123491.699,345211.880</gml:coordinates>
						</gml:LineString>
					</GeographicLocation>
				</Location>
				<RailConnectionInfo railConnectionRef="0e5ee58c-4f0a-4735-a8a5-46a18695cc5d" fromMeasure="23.78" toMeasure="31.43" direction="Upstream"/>
				<WirePartDemarcationRefs>25d6a01f-d60c-4b11-b07f-8e3db6c29dac f5caa847-87aa-409e-a69d-556b228dab5e</WirePartDemarcationRefs>
			</NegativeFeederPart>
		</NegativeFeederParts>
		<Equipotentials>
			<Equipotential puic="1053d2d8-7565-4b94-ab32-f29a398b4c48" name="afvoerstroom" wireCompositionType="2x 100 mm^2" wireLength="67.09" fromTensionPointObjectRef="b678cca0-a548-467f-821d-8314af2b457b" toTensionPointObjectRef="ad97d437-c798-4903-b0fe-75fcea88f4ae" energySupplySystemType="B2">
				<Location>
					<GeographicLocation dataAcquisitionMethod="Design">
						<gml:LineString>
							<gml:coordinates>191191.699,335624.881 189891.699,324534.881 123491.699,345624.881 123491.699,345624.8810101 123491.699,345624.880</gml:coordinates>
						</gml:LineString>
					</GeographicLocation>
				</Location>
				<RailConnectionInfo railConnectionRef="8b3f1b8f-9309-4749-b2c2-a49422a33979" direction="Upstream" atMeasure="562.05"/>
				<WireMaterialInfo wireMaterial="Koper" fromMeasure="456.89" toMeasure="459.98"/>
			</Equipotential>
		</Equipotentials>
		<EquipotentialParts>
			<EquipotentialPart puic="b446ca5f-84d5-47af-8a3f-944c6c02c93e" wireRef="ab234cdc-4f6f-4147-a909-77ddf411fb54">
				<Location>
					<GeographicLocation dataAcquisitionMethod="Laser">
						<gml:LineString srsName="EPSG:28992">
							<gml:coordinates>191191.699,335624.881 189891.699,324513.881</gml:coordinates>
						</gml:LineString>
					</GeographicLocation>
				</Location>
				<RailConnectionInfo railConnectionRef="a50887b7-1b30-40b7-ad07-de3e7f16fb62" fromMeasure="34.56" toMeasure="35.57" direction="Downstream"/>
				<WirePartDemarcationRefs>92a5c69b-9922-4058-b9a9-2302153a22d4 e5f7325a-56b2-4e4e-af0d-b6fe54d13783</WirePartDemarcationRefs>
			</EquipotentialPart>
		</EquipotentialParts>
		<CatenaryWires>
			<CatenaryWire puic="43ebf7e7-83ab-49fe-bcaf-8cfc8791cd8a" name="draagkabel_45" wireCompositionType="5x 120mm^2" wireLength="456.45" fromTensionPointObjectRef="0070d1c0-2504-401f-aeda-bec3824eebbd" toTensionPointObjectRef="f14b4ce4-3d05-49c3-afb1-8fbb57081829" energySupplySystemType="B1+">
				<Location>
					<GeographicLocation dataAcquisitionMethod="Design">
						<gml:LineString>
							<gml:coordinates>123179.906,45660.270 123179.906,345660.270 123179.906,345660.270 123179.906,345660.270</gml:coordinates>
						</gml:LineString>
					</GeographicLocation>
				</Location>
				<RailConnectionInfo railConnectionRef="aae0ac78-8683-4ae6-9756-c7ce270fdc46" direction="Downstream" atMeasure="527.55"/>
				<WireMaterialInfo wireMaterial="IJzer" fromMeasure="613.57" toMeasure="714.19"/>
			</CatenaryWire>
		</CatenaryWires>
		<PositiveFeeders>
			<PositiveFeeder puic="0f7179af-1c66-4eb2-96ed-09e5ebc70827" name="Versterkingsleiding_45" wireCompositionType="2x 100 mm^2" wireLength="456.44" fromTensionPointObjectRef="6003a1ed-98a7-400b-8aa2-50b319cf1090" toTensionPointObjectRef="c7dc3870-a668-4f63-a156-9656aee532f0" energySupplySystemType="B3">
				<Location>
					<GeographicLocation dataAcquisitionMethod="Design">
						<gml:LineString>
							<gml:coordinates>32150.281,343343.480 123450.281,443443.480</gml:coordinates>
						</gml:LineString>
					</GeographicLocation>
				</Location>
				<RailConnectionInfo railConnectionRef="588cf80c-20fc-4031-8ac9-80336849eeec" direction="Downstream" atMeasure="8.50"/>
				<WireMaterialInfo wireMaterial="Koper" fromMeasure="34.56" toMeasure="65.43"/>
			</PositiveFeeder>
		</PositiveFeeders>
		<PositiveFeederParts>
			<PositiveFeederPart puic="30ae0e73-5fb6-4f61-8e1b-44b45485479e" wireRef="effb25b1-4332-444a-bfde-e4e5fdca02c0" overheadLineGroupRef="51af7b63-e7aa-4134-b310-c028fbc0fd75">
				<Location>
					<GeographicLocation dataAcquisitionMethod="Constructed">
						<gml:LineString srsName="EPSG:28992">
							<gml:coordinates>32150.281,343343.480 123450.281,443368.480</gml:coordinates>
						</gml:LineString>
					</GeographicLocation>
				</Location>
				<RailConnectionInfo railConnectionRef="ebe6feb9-cbfb-4131-bcef-56de6c4382c0" fromMeasure="12.12" toMeasure="22.11" direction="Upstream"/>
				<WirePartDemarcationRefs>19b1a3e3-ddee-4fef-ae86-fe40b313f305 5190885b-ffeb-46ea-b17b-23da80799434</WirePartDemarcationRefs>
			</PositiveFeederPart>
		</PositiveFeederParts>
		<ContactWires>
			<ContactWire puic="cf60b8fe-d87c-4c31-8d22-af7d69b99f87" name="RijdraadAcht" wireCompositionType="5x 120mm^2" wireLength="789.11" fromTensionPointObjectRef="df79ae39-4a3c-4275-a116-f7601c52de11" toTensionPointObjectRef="35e8a103-2cf9-41f4-bf94-d4a3f04ae5b1" catenaryWireRef="43ebf7e7-83ab-49fe-bcaf-8cfc8791cd8a" energySupplySystemType="B5">
				<Location>
					<GeographicLocation dataAcquisitionMethod="Design">
						<gml:LineString>
							<gml:coordinates>123106.320,345661.024 123106.320,365461.024</gml:coordinates>
						</gml:LineString>
					</GeographicLocation>
				</Location>
				<RailConnectionInfo railConnectionRef="a52b39b4-fa92-4eb3-aa08-1d8399ef63ff" direction="Upstream" atMeasure="192.75"/>
				<WireMaterialInfo wireMaterial="Staal" fromMeasure="567.09" toMeasure="587.08"/>
			</ContactWire>
		</ContactWires>
		<ContactWireParts>
			<ContactWirePart puic="313423cc-992b-486c-9062-a08b5088304d" name="Rijdraaddeel_Tbv" isRegulatedUpwards="True" wireRef="052a1f40-9127-4db9-a16e-cffe62836de7" overheadLineGroupRef="3222f03d-aedc-417d-9bf6-9316f65967f0">
				<Location>
					<GeographicLocation dataAcquisitionMethod="Design">
						<gml:LineString>
							<gml:coordinates>164.5419419,345.9658491 171.4209181,342.8764619 166.7761058,346.2084577 164.5191674,348.1392788</gml:coordinates>
						</gml:LineString>
					</GeographicLocation>
				</Location>
				<RailConnectionInfo railConnectionRef="ff1a2cac-53ee-47b6-b535-b75973c5c07b" direction="Downstream" fromMeasure="45.89" toMeasure="57.76"/>
				<WirePartDemarcationRefs>514bc2f7-bef1-43af-9fbd-f17329b2e37e d2d6a7f2-60c4-4700-829a-fae0132b2d66 b487977c-a7b0-4566-b947-9b734f31bf46</WirePartDemarcationRefs>
				<PowerSwitchRefs>41b04365-9d03-4a41-8b37-a771a3dbbe2e</PowerSwitchRefs>
				<ElectricalConnectedContactWirePartRefs>471cde43-90d9-475b-adff-4beb2482b0d7 2a4ebfcc-bf0f-4968-aca2-69649a1b74f2</ElectricalConnectedContactWirePartRefs>
			</ContactWirePart>
		</ContactWireParts>
		<InsulatedCables>
			<InsulatedCable puic="1a7195ec-3431-421f-9083-4208b3bbb2a1" wireCompositionType="2x 100 mm^2" wireLength="23.89" fromTensionPointObjectRef="76f782d1-048d-44ce-bfaa-202bd79b0481" toTensionPointObjectRef="24376b75-e164-42f2-b077-5275905f050d" energySupplySystemType="B8">
				<Location>
					<GeographicLocation dataAcquisitionMethod="Constructed">
						<gml:LineString srsName="EPSG:28992">
							<gml:coordinates>233106.320,444661.024 100106.320,499461.024</gml:coordinates>
						</gml:LineString>
					</GeographicLocation>
				</Location>
				<WireMaterialInfo wireMaterial="Messing" fromMeasure="0" toMeasure="23"/>
				<PowerSwitchRefs>41b04365-9d03-4a41-8b37-a771a3dbbe2e</PowerSwitchRefs>
			</InsulatedCable>
		</InsulatedCables>
		<ConnectionWires>
			<ConnectionWire puic="17180b46-9510-43bb-85f2-99fc229945ab" wireCompositionType="2x 100 mm^2" wireLength="23.67" fromTensionPointObjectRef="d23328c7-5c5c-49f2-8670-00c7bd89b735" toTensionPointObjectRef="b2ed9cfd-55fd-4119-8ee6-98638352a626" energySupplySystemType="ConductorRail">
				<Location>
					<GeographicLocation dataAcquisitionMethod="PanoramicPhotogrammetry">
						<gml:LineString srsName="EPSG:28992">
							<gml:coordinates>313106.320,334661.024 331106.320,395461.024</gml:coordinates>
						</gml:LineString>
					</GeographicLocation>
				</Location>
				<WireMaterialInfo wireMaterial="Messing" fromMeasure="0.0" toMeasure="5678.23"/>
			</ConnectionWire>
		</ConnectionWires>
		<ProtectionWires>
			<ProtectionWire puic="8ac076be-d7f2-40c2-a5d7-921bfc6efd10" wireCompositionType="2x 100 mm^2" wireLength="23.67" fromTensionPointObjectRef="d23328c7-5c5c-49f2-8670-00c7bd89b735" toTensionPointObjectRef="b2ed9cfd-55fd-4119-8ee6-98638352a626" energySupplySystemType="DB">
				<Location>
					<GeographicLocation dataAcquisitionMethod="PanoramicPhotogrammetry">
						<gml:LineString srsName="EPSG:28992">
							<gml:coordinates>313106.320,334661.024 331106.320,395461.024</gml:coordinates>
						</gml:LineString>
					</GeographicLocation>
				</Location>
				<WireMaterialInfo wireMaterial="Messing" fromMeasure="0.0" toMeasure="5678.23"/>
			</ProtectionWire>
		</ProtectionWires>
		<FeederCables>
			<FeederCable puic="cd124c45-15dc-4d35-b972-786dd2c14547" wireCompositionType="2x 100 mm^2" wireLength="23.67" fromTensionPointObjectRef="d23328c7-5c5c-49f2-8670-00c7bd89b735" toTensionPointObjectRef="b2ed9cfd-55fd-4119-8ee6-98638352a626" energySupplySystemType="HSL">
				<Location>
					<GeographicLocation dataAcquisitionMethod="PanoramicPhotogrammetry">
						<gml:LineString srsName="EPSG:28992">
							<gml:coordinates>313106.320,334661.024 331106.320,395461.024</gml:coordinates>
						</gml:LineString>
					</GeographicLocation>
				</Location>
				<WireMaterialInfo wireMaterial="Messing" fromMeasure="0.0" toMeasure="5678.23"/>
				<PowerSwitchRefs>41b04365-9d03-4a41-8b37-a771a3dbbe2e</PowerSwitchRefs>
			</FeederCable>
		</FeederCables>
		<DetectionWires>
			<DetectionWire puic="390382ce-dcc0-4baf-9118-9f5f1a2e3d8c" wireCompositionType="2x 100 mm^2" wireLength="23.67" fromTensionPointObjectRef="d23328c7-5c5c-49f2-8670-00c7bd89b735" toTensionPointObjectRef="b2ed9cfd-55fd-4119-8ee6-98638352a626" energySupplySystemType="Other">
				<Location>
					<GeographicLocation dataAcquisitionMethod="PanoramicPhotogrammetry">
						<gml:LineString srsName="EPSG:28992">
							<gml:coordinates>313106.320,334661.024 331106.320,395461.024</gml:coordinates>
						</gml:LineString>
					</GeographicLocation>
				</Location>
				<WireMaterialInfo wireMaterial="Messing" fromMeasure="0.0" toMeasure="5678.23"/>
			</DetectionWire>
		</DetectionWires>
	</Wires>
	<OverheadLineGroups>
		<OverheadLineGroup puic="2cb7caea-3a79-46ce-8c1e-f6aa884e0525" name="bovenleidingsgroep_amsterdamzuidoost" description="aa_boven_zd" color="Red" overheadLineGroupType="Unknown">
			<OverheadLineGroupDemarcationRefs>981b23ec-d764-4bcf-936d-bdd76b5df7d5 b5139ddb-d341-4968-9e7c-30be6bbb33a9 ef7c22b5-1fa2-4cf7-a24f-3c8f49421cde</OverheadLineGroupDemarcationRefs>
		</OverheadLineGroup>
	</OverheadLineGroups>
	<SectionInsulators>
		<SectionInsulator puic="22399d5d-3a4d-4220-8270-1d8b60d54ed5" name="Leidingonderbreker_roter" isExtended="False">
			<Location>
				<GeographicLocation dataAcquisitionMethod="Design">
					<gml:Point srsName="EPSG:28992">
						<gml:coordinates>189021.017,347450.21</gml:coordinates>
					</gml:Point>
				</GeographicLocation>
			</Location>
			<RailConnectionInfo railConnectionRef="d2672bd4-7995-4124-a1e4-c69a6eb7a3ad" direction="Downstream" atMeasure="99.25"/>
		</SectionInsulator>
	</SectionInsulators>
	<PowerSwitches>
		<ShortCircuitPowerSwitches>
			<ShortCircuitPowerSwitch puic="2097d95c-24cb-4a5f-b75b-b1bddad34683" motorCabinetRef="4b73610a-16a6-46da-a68a-cca572028355" powerSwitchOperatingType="Central" defaultPowerSwitchPosition="Closed" fixedPortIndex="1" switchablePortIndex="0">
				<Location>
					<GeographicLocation dataAcquisitionMethod="Design">
						<gml:Point srsName="EPSG:28992">
							<gml:coordinates>189021.017,347450.21</gml:coordinates>
						</gml:Point>
					</GeographicLocation>
				</Location>
			</ShortCircuitPowerSwitch>
		</ShortCircuitPowerSwitches>
		<HighSpeedCircuitBreakers>
			<HighSpeedCircuitBreaker puic="295a2df1-e536-4c3d-a539-5e399567a889" motorCabinetRef="00d37411-12b9-43f1-8c55-5742328931f8" powerSwitchOperatingType="Local" defaultPowerSwitchPosition="Open" controlStationRef="06a5c127-9161-4a06-8bbc-f3256dd00e19" powerSwitchRelation="Front" powerSwitchRef="b1d9aba2-d335-4578-a370-74e459fe5636" fixedPortIndex="1" switchablePortIndex="0">
				<Location>
					<GeographicLocation dataAcquisitionMethod="Design">
						<gml:Point srsName="EPSG:28992">
							<gml:coordinates>120921.176,433350.17</gml:coordinates>
						</gml:Point>
					</GeographicLocation>
				</Location>
			</HighSpeedCircuitBreaker>
		</HighSpeedCircuitBreakers>
		<BridgeBypassPowerSwitches>
			<BridgeBypassPowerSwitch puic="836e9966-fce3-4fec-ab56-9e74c1c88da9" motorCabinetRef="b19e74c9-c0e5-49f1-942c-3484660a8f21" powerSwitchOperatingType="Local" defaultPowerSwitchPosition="Open" bridgeBypassPowerSwitchRef="dab55553-b67b-4a3b-b40e-2ac13f66d16b" fixedPortIndex="0" switchablePortIndex="1">
				<Location>
					<GeographicLocation dataAcquisitionMethod="Design">
						<gml:Point srsName="EPSG:28992">
							<gml:coordinates>165421.777,398740.321</gml:coordinates>
						</gml:Point>
					</GeographicLocation>
				</Location>
			</BridgeBypassPowerSwitch>
		</BridgeBypassPowerSwitches>
		<ThreePolePowerSwitches>
			<ThreePolePowerSwitch puic="257a79a7-aad9-43ba-9304-f77ab563c2fa" defaultPowerSwitchPosition="Open" powerSwitchOperatingType="Central" motorCabinetRef="e47d61a3-ca31-41db-8350-c1cda0b02467" fixedPortIndex="1" switchablePortIndex="0" overheadLinePowerSwitchFunction="Feed">
				<Location>
					<GeographicLocation dataAcquisitionMethod="DGPS">
						<gml:Point srsName="EPSG:28992">
							<gml:coordinates>121456.536,330234.895</gml:coordinates>
						</gml:Point>
					</GeographicLocation>
				</Location>
				<Feed overheadLineGroupRef="51af7b63-e7aa-4134-b310-c028fbc0fd75" overVoltageArresterAtCableTerminationRef="b431555a-9840-4422-bda6-acb7e5a6516d"/>
			</ThreePolePowerSwitch>
		</ThreePolePowerSwitches>
		<FourPolePowerSwitches>
			<FourPolePowerSwitch puic="094e9ae4-96ab-480f-9d94-06e6845b212d" defaultPowerSwitchPosition="Open" powerSwitchOperatingType="Central" motorCabinetRef="e47d61a3-ca31-41db-8350-c1cda0b02467" fixedPortIndex="1" switchablePortIndex="0" overheadLinePowerSwitchFunction="Feed">
				<Location>
					<GeographicLocation dataAcquisitionMethod="DGPS">
						<gml:Point srsName="EPSG:28992">
							<gml:coordinates>121456.536,330234.895</gml:coordinates>
						</gml:Point>
					</GeographicLocation>
				</Location>
				<Feed overheadLineGroupRef="51af7b63-e7aa-4134-b310-c028fbc0fd75" overVoltageArresterAtCableTerminationRef="b431555a-9840-4422-bda6-acb7e5a6516d"/>
			</FourPolePowerSwitch>
		</FourPolePowerSwitches>
		<SingleOverheadLinePowerSwitches>
			<SingleOverheadLinePowerSwitch puic="41b04365-9d03-4a41-8b37-a771a3dbbe2e" motorCabinetRef="85fd8313-fe2d-466a-9a5d-e3204eb93d2f" powerSwitchOperatingType="Central" defaultPowerSwitchPosition="Closed" fixedPortIndex="1" switchablePortIndex="0" overheadLinePowerSwitchFunction="Connect">
				<Location>
					<GeographicLocation dataAcquisitionMethod="Design">
						<gml:Point srsName="EPSG:28992">
							<gml:coordinates>121021.017,330960.561</gml:coordinates>
						</gml:Point>
					</GeographicLocation>
				</Location>
			</SingleOverheadLinePowerSwitch>
		</SingleOverheadLinePowerSwitches>
		<OverheadLineFeederPowerSwitches>
			<OverheadLineFeederPowerSwitch puic="f9af3a6d-07cf-49aa-9326-1152f2702817" motorCabinetRef="c053caef-5c67-4bcb-b7f7-0034d8bfd257" powerSwitchOperatingType="Local" defaultPowerSwitchPosition="Open" connectionMethod="Serial" fixedPortIndex="0" switchablePortIndex="1" overheadLinePowerSwitchFunction="Feed">
				<Location>
					<GeographicLocation dataAcquisitionMethod="Design">
						<gml:Point srsName="EPSG:28992">
							<gml:coordinates>156321.444,324760.011</gml:coordinates>
						</gml:Point>
					</GeographicLocation>
				</Location>
				<ParallelConnectionInfo overheadLineFeederPowerSwitchRef="c46bca9f-67ec-4426-8c26-d79f5fa04eec" connectionType="Cable" applicationParallelConnection="OverheadLineGroups"/>
			</OverheadLineFeederPowerSwitch>
		</OverheadLineFeederPowerSwitches>
		<BridgeOverheadLinePowerSwitches>
			<BridgeOverheadLinePowerSwitch puic="4f511f58-c273-499e-a701-77c638b649a1" motorCabinetRef="5e0030f2-bcea-44ce-8b30-20d35c80a3e9" powerSwitchOperatingType="Local" defaultPowerSwitchPosition="Open" fixedPortIndex="0" switchablePortIndex="1" bridgeOverheadLinePowerSwitchRef="e5c29dfb-10ad-4b73-8074-caf41fda25ec">
				<Location>
					<GeographicLocation dataAcquisitionMethod="Design">
						<gml:Point srsName="EPSG:28992">
							<gml:coordinates>98345.157,309832.921</gml:coordinates>
						</gml:Point>
					</GeographicLocation>
				</Location>
				<RailConnectionInfo railConnectionRef="8d90682c-0d20-4e18-8154-7fe0173864d2" direction="Downstream" atMeasure="4567.25"/>
			</BridgeOverheadLinePowerSwitch>
		</BridgeOverheadLinePowerSwitches>
	</PowerSwitches>
	<Accommodations>
		<RailwayBuildings>
			<RemoteStations>
				<RemoteStation puic="c093600b-dc4b-4e00-8313-8133ae47d519">
					<Location>
						<GeographicLocation dataAcquisitionMethod="ManuallyDigitized">
							<gml:Point srsName="EPSG:28992">
								<gml:coordinates>106810.880,407010.640</gml:coordinates>
							</gml:Point>
						</GeographicLocation>
					</Location>
				</RemoteStation>
				<RemoteStation puic="7de7148d-24bc-48d5-b66d-5c2072cf155c">
					<Location>
						<GeographicLocation dataAcquisitionMethod="Estimate">
							<gml:Point srsName="EPSG:28992">
								<gml:coordinates>106000.880,407444.640</gml:coordinates>
							</gml:Point>
						</GeographicLocation>
					</Location>
				</RemoteStation>
			</RemoteStations>
			<PowerSwitchControlBuildings>
				<PowerSwitchControlBuilding puic="02b3477f-60c6-4986-88b0-0a97f76cb583">
					<Location>
						<GeographicLocation dataAcquisitionMethod="PanoramicPhotogrammetry">
							<gml:Point srsName="EPSG:28992">
								<gml:coordinates>206855.280,306196.080</gml:coordinates>
							</gml:Point>
						</GeographicLocation>
					</Location>
				</PowerSwitchControlBuilding>
			</PowerSwitchControlBuildings>
			<DistributionStations>
				<DistributionStation puic="33fab05b-ba51-4b9f-95eb-67c2c67eb2bb">
					<Location>
						<GeographicLocation dataAcquisitionMethod="Design">
							<gml:Point srsName="EPSG:28992">
								<gml:coordinates>100000.280,301234.080</gml:coordinates>
							</gml:Point>
						</GeographicLocation>
					</Location>
				</DistributionStation>
			</DistributionStations>
			<RailinfraSystemBuildings>
				<RailinfraSystemBuilding puic="4e6884c2-879c-4c84-88f0-31b08481e315" railinfraSystemBuildingType="IVS">
					<Location>
						<GeographicLocation dataAcquisitionMethod="Constructed">
							<gml:Point srsName="EPSG:28992">
								<gml:coordinates>192345.280,344321.080</gml:coordinates>
							</gml:Point>
						</GeographicLocation>
					</Location>
				</RailinfraSystemBuilding>
			</RailinfraSystemBuildings>
			<CompactTrafoStations>
				<CompactTrafoStation puic="ac38e01b-65ed-49c0-a44b-c7e6fb1e64bd">
					<Location>
						<GeographicLocation dataAcquisitionMethod="Estimate">
							<gml:Point srsName="EPSG:28992">
								<gml:coordinates>192339.280,344479.080</gml:coordinates>
							</gml:Point>
						</GeographicLocation>
					</Location>
				</CompactTrafoStation>
			</CompactTrafoStations>
			<AutoTransformerStations>
				<AutoTransformerStation puic="13835cfd-21c5-4dd2-8586-e45eea4b6435" tractionPowerSystemVoltageType="V25000">
					<Location>
						<GeographicLocation dataAcquisitionMethod="Unknown">
							<gml:Point srsName="EPSG:28992">
								<gml:coordinates>292876.580,344999.777</gml:coordinates>
							</gml:Point>
						</GeographicLocation>
					</Location>
				</AutoTransformerStation>
			</AutoTransformerStations>
			<Substations>
				<Substation puic="6e708757-b56c-4d48-8b75-5320a7f4681d" tractionPowerSystemVoltageType="V1500" gridOperator="Liander" energyMeterEan="4524975902010">
					<Location>
						<GeographicLocation dataAcquisitionMethod="DGPS">
							<gml:Point srsName="EPSG:28992">
								<gml:coordinates>111116.240,445429.891</gml:coordinates>
							</gml:Point>
						</GeographicLocation>
					</Location>
					<HighVoltageDistributionDeviceRefs>22df90b2-9da9-483e-a409-130b5b7b3689</HighVoltageDistributionDeviceRefs>
				</Substation>
			</Substations>
			<SwitchingStations>
				<SwitchingStation puic="2596627b-eb6d-46c9-8c4c-8213fb945955" tractionPowerSystemVoltageType="V1500">
					<Location>
						<GeographicLocation dataAcquisitionMethod="GPS">
							<gml:Point srsName="EPSG:28992">
								<gml:coordinates>298766.129,356789.804</gml:coordinates>
							</gml:Point>
						</GeographicLocation>
					</Location>
					<SubstationRefs>ceed2908-c749-4421-8488-815fecc7d168 661b340b-94ad-40b7-84ae-75fcb769e064</SubstationRefs>
				</SwitchingStation>
			</SwitchingStations>
		</RailwayBuildings>
		<Cabinets>
			<MotorCabinets>
				<MotorCabinet puic="fac534c2-38b3-425c-8a6a-05f259e4c987" name="MotorKast_appingedam" motorCabinetType="Hazemeijer" controllingRailwayBuildingRef="475e72c0-9ed7-48c2-8008-62d14dc818ba">
					<Location>
						<GeographicLocation dataAcquisitionMethod="Design">
							<gml:Point srsName="EPSG:28992">
								<gml:coordinates>99111.999,430977.188</gml:coordinates>
							</gml:Point>
						</GeographicLocation>
					</Location>
				</MotorCabinet>
			</MotorCabinets>
			<RemoteControlCabinets>
				<RemoteControlCabinet puic="fd3c9573-cad9-47f4-b330-398ff781f986" name="Kast_YpenstormseHeide">
					<Location>
						<GeographicLocation dataAcquisitionMethod="DGPS">
							<gml:Point srsName="EPSG:28992">
								<gml:coordinates>34511.234,345977.923</gml:coordinates>
							</gml:Point>
						</GeographicLocation>
					</Location>
				</RemoteControlCabinet>
			</RemoteControlCabinets>
		</Cabinets>
	</Accommodations>
	<DirectCurrentVoltageDistributors>
		<DirectCurrentVoltageDistributor puic="9315f3f6-4972-4c64-8af0-6e70e70788d5" stationRef="7ba152cb-d2a8-4f8b-ad01-aca3146fc335">
			<Location>
				<GeographicLocation dataAcquisitionMethod="GPS">
					<gml:Point srsName="EPSG:28992">
						<gml:coordinates>216733.280,346999.080</gml:coordinates>
					</gml:Point>
				</GeographicLocation>
			</Location>
		</DirectCurrentVoltageDistributor>
	</DirectCurrentVoltageDistributors>
	<TractionRectifiers>
		<TractionRectifier puic="68adec38-8594-492c-8cf2-aa313aec74a6" subStationRef="2883e836-ff9e-4937-9cce-f5394e7445c9" directCurrentVoltageDistributorRef="89733b20-c810-47f2-a0b0-8051047b2d19">
			<Location>
				<GeographicLocation dataAcquisitionMethod="GPS">
					<gml:Point srsName="EPSG:28992">
						<gml:coordinates>221733.280,444999.080</gml:coordinates>
					</gml:Point>
				</GeographicLocation>
			</Location>
		</TractionRectifier>
	</TractionRectifiers>
	<Transformers>
		<Transformer puic="56331d83-bd4b-4c6e-a9b2-f97246c21130" subStationRef="ceedacf3-bed5-4253-9859-baa22d200ebc" tractionRectifierRef="5cbd5a1b-8d80-4f44-aa91-0e3cc99f31a9">
			<Location>
				<GeographicLocation dataAcquisitionMethod="GPS">
					<gml:Point srsName="EPSG:28992">
						<gml:coordinates>222233.280,333333.080</gml:coordinates>
					</gml:Point>
				</GeographicLocation>
			</Location>
		</Transformer>
	</Transformers>
	<VoltageTransitions>
		<VoltageTransition puic="50a2b017-0350-403b-a98b-dba4beb4e50b" fromVoltage="1500" toVoltage="25000">
			<DemarcationMarkers>
				<DemarcationMarker railConnectionRef="cfe3af53-dd1f-45b3-95e2-cb7db2edc43e" atMeasure="45.98" direction="Downstream"/>
				<DemarcationMarker railConnectionRef="cfe3af53-dd1f-45b3-95e2-cb7db2edc43e" atMeasure="89.21" direction="Upstream"/>
			</DemarcationMarkers>
			<OverheadLineDemarcationMarkers>
				<OverheadLineDemarcationPoint wireRef="f0e9ea7d-7b83-4d93-bce0-84f0c3ffa4f4" atMeasure="45.98" direction="Downstream"/>
				<OverheadLineDemarcationPoint wireRef="f0e9ea7d-7b83-4d93-bce0-84f0c3ffa4f4" atMeasure="89.21" direction="Upstream"/>
			</OverheadLineDemarcationMarkers>
		</VoltageTransition>
	</VoltageTransitions>
	<OverheadLineSupports>
		<OverheadLineSupport puic="fa9076a8-68f1-4e17-be7f-0ea5034c68be" voltageClass="V1500" hasDropArm="True">
			<Location>
				<GeographicLocation dataAcquisitionMethod="Laser">
					<gml:Point srsName="EPSG:28992">
						<gml:coordinates>222633.280,786321.080</gml:coordinates>
					</gml:Point>
				</GeographicLocation>
			</Location>
			<Girder puic="9931d5c6-d9dc-44cf-9500-75e9ed0f36d0" girderType="Beton">
				<Location>
					<GeographicLocation dataAcquisitionMethod="DerivedFromRibbon">
						<gml:LineString srsName="EPSG:28992">
							<gml:coordinates>123633.280,987321.080 126633.280,678321.080</gml:coordinates>
						</gml:LineString>
					</GeographicLocation>
				</Location>
			</Girder>
			<Pole puic="c06c2960-c462-4e82-86e5-bb1f6417be75" poleType="treinpaal" poleFoundationType="gestort">
				<Location>
					<GeographicLocation dataAcquisitionMethod="Estimate">
						<gml:Point srsName="EPSG:28992">
							<gml:coordinates>666633.280,212121.080</gml:coordinates>
						</gml:Point>
					</GeographicLocation>
				</Location>
			</Pole>
			<Pole puic="2f0bca95-3b2b-466e-b4c3-5d3cab39b86d" poleType="Treinstelpaal" poleFoundationType="betimmerd">
				<Location>
					<GeographicLocation dataAcquisitionMethod="Constructed">
						<gml:Point srsName="EPSG:28992">
							<gml:coordinates>112133.280,987667.080</gml:coordinates>
						</gml:Point>
					</GeographicLocation>
				</Location>
			</Pole>
			<Arm puic="d15c1061-8343-4c36-9345-c96a6e3f75c6" armType="Hout">
				<Location>
					<GeographicLocation dataAcquisitionMethod="DGPS">
						<gml:LineString srsName="EPSG:28992">
							<gml:coordinates>321633.280,789321.080 543633.280,837321.080</gml:coordinates>
						</gml:LineString>
					</GeographicLocation>
				</Location>
			</Arm>
			<Shore puic="b4dbdef5-febc-4d60-94d4-7d0e529154c3" shoreType="GuyWire">
				<Location>
					<GeographicLocation dataAcquisitionMethod="PanoramicPhotogrammetry">
						<gml:LineString srsName="EPSG:28992">
							<gml:coordinates>111633.280,999321.080 444633.280,333321.080</gml:coordinates>
						</gml:LineString>
					</GeographicLocation>
				</Location>
			</Shore>
			<Column puic="0179aead-7eed-4654-b394-74868c66e4fa">
				<Location>
					<GeographicLocation dataAcquisitionMethod="DGPS">
						<gml:Point>
							<gml:coordinates>111633.280,999321.080 444633.280,333321.080</gml:coordinates>
						</gml:Point>
					</GeographicLocation>
				</Location>
			</Column>
		</OverheadLineSupport>
	</OverheadLineSupports>
	<OverheadLineConnectionPoints>
		<MinusPoints>
			<MinusPoint puic="8d69a926-ba9a-4a7e-8df9-0f7ee2b6209b" shortCircuitPowerSwitchRef="e545a6bd-419d-4a5b-819b-0d72c9c1c1fb">
				<Location>
					<GeographicLocation dataAcquisitionMethod="Estimate">
						<gml:Point srsName="EPSG:28992">
							<gml:coordinates>113322.280,445566.080</gml:coordinates>
						</gml:Point>
					</GeographicLocation>
				</Location>
				<RailConnectionInfo railConnectionRef="d2ad1479-9b56-43de-9b9c-e46a5e74e78b" direction="Upstream" atMeasure="45.95"/>
			</MinusPoint>
		</MinusPoints>
		<GroundingPoints>
			<GroundingPoint puic="4f85f873-e285-4fb0-887f-94d7d8a89f98" shortCircuitPowerSwitchRef="e545a6bd-419d-4a5b-819b-0d72c9c1c1fb">
				<Location>
					<GeographicLocation dataAcquisitionMethod="Estimate">
						<gml:Point srsName="EPSG:28992">
							<gml:coordinates>113322.280,445566.080</gml:coordinates>
						</gml:Point>
					</GeographicLocation>
				</Location>
				<RailConnectionInfo railConnectionRef="d2ad1479-9b56-43de-9b9c-e46a5e74e78b" direction="Upstream" atMeasure="45.95"/>
			</GroundingPoint>
		</GroundingPoints>
		<FeedingPoints>
			<FeedingPoint puic="951edeb5-130b-4dbd-809c-53bbdae8ed6f" feedingOverheadLinePowerSwitchRef="5442520c-9883-4025-ab13-f3c044938bc8">
				<Location>
					<GeographicLocation dataAcquisitionMethod="Photogrammetry">
						<gml:Point srsName="EPSG:28992">
							<gml:coordinates>113299.280,666666.080</gml:coordinates>
						</gml:Point>
					</GeographicLocation>
				</Location>
				<RailConnectionInfo railConnectionRef="4e040b0d-fc1b-4796-9080-87a9b50e4332" direction="Downstream" atMeasure="13.99"/>
			</FeedingPoint>
		</FeedingPoints>
		<ConnectionPoints>
			<ConnectionPoint puic="948f79c5-37fb-4abf-9036-0345eb9ae26a">
				<Location>
					<GeographicLocation dataAcquisitionMethod="Estimate">
						<gml:Point srsName="EPSG:28992">
							<gml:coordinates>221299.280,999999.080</gml:coordinates>
						</gml:Point>
					</GeographicLocation>
				</Location>
			</ConnectionPoint>
		</ConnectionPoints>
	</OverheadLineConnectionPoints>
	<ContactWireBraces>
		<ContactWireBrace puic="ca4b39b3-8de8-4ac7-ae46-0ba6e2744545">
			<Location>
				<GeographicLocation dataAcquisitionMethod="RTK">
					<gml:Point srsName="EPSG:28992">
						<gml:coordinates>211221.280,672076.080</gml:coordinates>
					</gml:Point>
				</GeographicLocation>
			</Location>
			<ContactWireBraceConnectionPointRefs>ca4b39b3-8de8-4ac7-ae46-0ba6e2744545</ContactWireBraceConnectionPointRefs>
			<ContactWireBraceRefs>f198fdf4-e453-4e67-b95d-1f7c977ccff4 790fb1db-6fac-4cab-a4b2-928d88e68517 4695f82e-b166-4b70-944b-b9dbd96b03b1
			</ContactWireBraceRefs>
		</ContactWireBrace>
	</ContactWireBraces>
	<ContactWireBraceConnectionPoints>
		<ContactWireBraceConnectionPoint puic="ca4b39b3-8de8-4ac7-ae46-0ba6e2744545">
			<Location>
				<GeographicLocation dataAcquisitionMethod="RTK">
					<gml:Point srsName="EPSG:28992">
						<gml:coordinates>211221.280,672076.080</gml:coordinates>
					</gml:Point>
				</GeographicLocation>
			</Location>
			<WirePartShiftingInfo wirePartRef="041b7446-729d-4748-a6b9-e64d35102ec4" atMeasure="23.87" shiftedDistance="0.45"/>
			<SeparatorRefs>885b953f-9a5e-4b50-9d6e-26bec534c416 143fffaa-ced3-4722-b115-5618224b530d
                     43676291-1ea7-41c5-b87c-db9dbfea013b</SeparatorRefs>
		</ContactWireBraceConnectionPoint>
	</ContactWireBraceConnectionPoints>
	<ObiOperatingAreas>
		<ObiOperatingArea puic="18ad72fa-bc3d-4197-a977-6ddf00f68e04">
			<Location>
				<GeographicLocation dataAcquisitionMethod="RTK">
					<gml:MultiPolygon srsName="EPSG:28992">
						<gml:polygonMember>
							<gml:Polygon>
								<gml:outerBoundaryIs>
									<gml:LinearRing>
										<gml:coordinates>123456.9,398765.4 234567.2,412398.7 111984.8,441475.7 100945.4,334490.1 289922.9,333108</gml:coordinates>
									</gml:LinearRing>
								</gml:outerBoundaryIs>
							</gml:Polygon>
						</gml:polygonMember>
					</gml:MultiPolygon>
				</GeographicLocation>
			</Location>
		</ObiOperatingArea>
	</ObiOperatingAreas>
	<HighVoltageStrikethroughCircuits>
		<HighVoltageStrikethroughCircuit puic="18ad72fa-bc3d-4197-a977-6ddf00f68e04">
			<Location>
				<GeographicLocation dataAcquisitionMethod="GPS">
					<gml:Point>
						<gml:coordinates>242.7817546,419.4598109</gml:coordinates>
					</gml:Point>
				</GeographicLocation>
			</Location>
		</HighVoltageStrikethroughCircuit>
	</HighVoltageStrikethroughCircuits>
	<HighVoltageProtectionEnds25kV>
		<HighVoltageProtectionEnd25kV puic="18ad72fa-bc3d-4197-a977-6ddf00f68e04">
			<Location>
				<GeographicLocation dataAcquisitionMethod="GPS">
					<gml:Point>
						<gml:coordinates>242.7817546,419.4598109</gml:coordinates>
					</gml:Point>
				</GeographicLocation>
			</Location>
		</HighVoltageProtectionEnd25kV>
	</HighVoltageProtectionEnds25kV>
	<HighVoltageProtectionEnds1500V>
		<HighVoltageProtectionEnd1500V puic="18ad72fa-bc3d-4197-a977-6ddf00f68e04">
			<Location>
				<GeographicLocation dataAcquisitionMethod="GPS">
					<gml:Point>
						<gml:coordinates>242.7817546,419.4598109</gml:coordinates>
					</gml:Point>
				</GeographicLocation>
			</Location>
		</HighVoltageProtectionEnd1500V>
	</HighVoltageProtectionEnds1500V>
	<GroundElectrodes>
		<GroundElectrode puic="18ad72fa-bc3d-4197-a977-6ddf00f68e04">
			<Location>
				<GeographicLocation dataAcquisitionMethod="GPS">
					<gml:Point>
						<gml:coordinates>242.7817546,419.4598109</gml:coordinates>
					</gml:Point>
				</GeographicLocation>
			</Location>
		</GroundElectrode>
	</GroundElectrodes>
	<OverVoltageArrestersInOverheadLine>
		<OverVoltageArresterInOverheadLine puic="18ad72fa-bc3d-4197-a977-6ddf00f68e04" groundElectrodeRef="4e040b0d-fc1b-4796-9080-87a9b50e4332">
			<Location>
				<GeographicLocation dataAcquisitionMethod="GPS">
					<gml:Point>
						<gml:coordinates>242.7817546,419.4598109</gml:coordinates>
					</gml:Point>
				</GeographicLocation>
			</Location>
		</OverVoltageArresterInOverheadLine>
	</OverVoltageArrestersInOverheadLine>
	<OverVoltageArrestersAtCableTermination>
		<OverVoltageArresterAtCableTermination puic="18ad72fa-bc3d-4197-a977-6ddf00f68e04" groundElectrodeRef="4e040b0d-fc1b-4796-9080-87a9b50e4332">
			<Location>
				<GeographicLocation dataAcquisitionMethod="GPS">
					<gml:Point>
						<gml:coordinates>242.7817546,419.4598109</gml:coordinates>
					</gml:Point>
				</GeographicLocation>
			</Location>
		</OverVoltageArresterAtCableTermination>
	</OverVoltageArrestersAtCableTermination>
	<TrainPreheatingPoints>
		<TrainPreheatingPoint puic="d9dfad2d-02e6-4d2c-9986-e51a7c249aae">
			<Location>
				<GeographicLocation dataAcquisitionMethod="Constructed">
					<gml:Point>
						<gml:coordinates>242.7817546,419.4598109</gml:coordinates>
					</gml:Point>
				</GeographicLocation>
			</Location>
		</TrainPreheatingPoint>
	</TrainPreheatingPoints>
	<ExpansionElements>
		<ExpansionElement puic="18ad72fa-bc3d-4197-a977-6ddf00f68e04">
			<Location>
				<GeographicLocation dataAcquisitionMethod="GPS">
					<gml:Point>
						<gml:coordinates>242.7817546,419.4598109</gml:coordinates>
					</gml:Point>
				</GeographicLocation>
			</Location>
			<RailConnectionInfo railConnectionRef="b7a11a30-5036-4a69-aec8-99c39aa5b4ad" direction="Downstream" atMeasure="25"/>
			<WirePartInfo wirePartRef="cf60b8fe-d87c-4c31-8d22-af7d69b99f87" atMeasure="10"/>
		</ExpansionElement>
	</ExpansionElements>
	<FixedPoints>
		<FixedPoint puic="18ad72fa-bc3d-4197-a977-6ddf00f68e04" fixedPointType="One-sided">
			<Location>
				<GeographicLocation dataAcquisitionMethod="GPS">
					<gml:Point>
						<gml:coordinates>242.7817546,419.4598109</gml:coordinates>
					</gml:Point>
				</GeographicLocation>
			</Location>
		</FixedPoint>
	</FixedPoints>
	<ConductorRailTransitions>
		<ConductorRailTransition puic="18ad72fa-bc3d-4197-a977-6ddf00f68e04" bridgeOverheadLinePowerSwitchRef="5442520c-9883-4025-ab13-f3c044938bc8">
			<Location>
				<GeographicLocation dataAcquisitionMethod="GPS">
					<gml:Point>
						<gml:coordinates>242.7817546,419.4598109</gml:coordinates>
					</gml:Point>
				</GeographicLocation>
			</Location>
			<RailConnectionInfo railConnectionRef="b7a11a30-5036-4a69-aec8-99c39aa5b4ad" direction="Downstream" atMeasure="25"/>
			<WirePartInfo wirePartRef="cf60b8fe-d87c-4c31-8d22-af7d69b99f87" atMeasure="10"/>
		</ConductorRailTransition>
	</ConductorRailTransitions>
	<HighVoltageDistributionDevices>
		<HighVoltageDistributionDevice puic="22df90b2-9da9-483e-a409-130b5b7b3689">
			<Location>
				<GeographicLocation dataAcquisitionMethod="DGPS">
					<gml:Point>
						<gml:coordinates>242.7817546,419.4598109</gml:coordinates>
					</gml:Point>
				</GeographicLocation>
			</Location>
		</HighVoltageDistributionDevice>
	</HighVoltageDistributionDevices>
</RailwayElectrification>
