<?xml version="1.0" encoding="UTF-8"?>
<ManagementAreas xmlns="http://www.prorail.nl/IMSpoor" xmlns:xsi="http://www.w3.org/2001/XMLSchema-instance" xmlns:gml="http://www.opengis.net/gml" xsi:schemaLocation="http://www.prorail.nl/IMSpoor IMSpoor-ManagementAreas.xsd" imxVersion="13.0.0">
	<DocumentReferences>
		<BaseReference parentDocumentName="IMSpoor-SignalingDesign.xml" parentHashcode="0cf1e28c667cdd403ec284f71e6ac7379dd903ab5076bb24b96c3208e1853724"/>
	</DocumentReferences>
	<OperationalPointConnections>
		<OperationalPointConnection puic="7ef0db90-886b-4fd4-a335-61ea8c93f3fa" name="Did_Zv" fromOperationalPointRef="45cf677e-fc01-4cf3-a5d5-36f384bed2e2" toOperationalPointRef="3c2d1e2d-3c9b-41e8-bd3d-7e4e9b423e8b"/>
	</OperationalPointConnections>
	<OperationalPoints>
		<OperationalPoint operationalPointType="Station" serviceCode="StopStation" isControlled="True" countryCode="NL" uicCode="00174" puic="45cf677e-fc01-4cf3-a5d5-36f384bed2e2" name="Did" description="Didam" isBlockPoint="False" passThroughMandatory="False" stationSize="Medium" hasWorkshop="True" hasGasStation="True">
			<TrackFragments>
				<TrackFragment railConnectionRef="3d3b75d3-e575-4ffe-ac69-b95f85cee62e" fromMeasure="0.0" toMeasure="343.705"/>
			</TrackFragments>
			<SharedDemarcations>
				<SharedDemarcation sharedDemarcationMarkerRef="e5d90e63-0026-4fa4-ad93-acfb13ed9d05" direction="Upstream"/>
			</SharedDemarcations>
			<HeartPoint>
				<GeographicLocation dataAcquisitionMethod="ManuallyDigitized">
					<gml:Point>
						<gml:coordinates>205877.79,438403.877</gml:coordinates>
					</gml:Point>
				</GeographicLocation>				
			</HeartPoint>
			<OpenLineSafetySystemRefs>04e9b18c-ea50-40a1-9b2b-07c4545c54a4</OpenLineSafetySystemRefs>
		</OperationalPoint>
		<OperationalPoint puic="3c2d1e2d-3c9b-41e8-bd3d-7e4e9b423e8b" operationalPointType="Station" serviceCode="StopStation" isControlled="True" countryCode="NL" uicCode="00174" name="Zv" description="Zevenaar" isBlockPoint="False" passThroughMandatory="False" stationSize="Medium" hasWorkshop="True" hasGasStation="True">
			<TrackFragments>
				<TrackFragment railConnectionRef="3d3b75d3-e575-4ffe-ac69-b95f85cee62e" fromMeasure="0.0" toMeasure="343.705"/>
			</TrackFragments>
			<SharedDemarcations>
				<SharedDemarcation sharedDemarcationMarkerRef="e5d90e63-0026-4fa4-ad93-acfb13ed9d05" direction="Upstream"/>
			</SharedDemarcations>
			<HeartPoint>
				<GeographicLocation dataAcquisitionMethod="ManuallyDigitized">
					<gml:Point>
						<gml:coordinates>202128,437362</gml:coordinates>
					</gml:Point>
				</GeographicLocation>				
			</HeartPoint>
		</OperationalPoint>
	</OperationalPoints>
	<OperationalPointTracks>
		<OperationalPointTrack puic="4918f2f3-6a06-4a68-b8e7-137c499a6b86" name="809" ppcTrackRef="c6853999-f988-4d2e-baaa-8033c719975f" function="EntryExit" operationalPointRef="45cf677e-fc01-4cf3-a5d5-36f384bed2e2">
			<TrackFragments>
				<TrackFragment railConnectionRef="e58f9956-ac7d-4f6c-b8c4-c25dcf110aea" fromMeasure="582.808" toMeasure="593.837"/>
			</TrackFragments>
			<DemarcationMarkers>
				<DemarcationMarker railConnectionRef="e58f9956-ac7d-4f6c-b8c4-c25dcf110aea" direction="Upstream" atMeasure="582.808"/>
				<DemarcationMarker railConnectionRef="e58f9956-ac7d-4f6c-b8c4-c25dcf110aea" direction="Downstream" atMeasure="593.837"/>
			</DemarcationMarkers>
		</OperationalPointTrack>
	</OperationalPointTracks>
	<OpenLines>
		<OpenLine puic="013e03a7-cb44-41b2-91f7-f38204b84d6e" name="212008" description="Did_Zv" cardinalDirection="North">
			<TrackFragments>
				<TrackFragment railConnectionRef="3d3b75d3-e575-4ffe-ac69-b95f85cee62e" fromMeasure="343.705" toMeasure="3627.459"/>
			</TrackFragments>
			<SharedDemarcations>
				<SharedDemarcation sharedDemarcationMarkerRef="e5d90e63-0026-4fa4-ad93-acfb13ed9d05" direction="Downstream"/>
				<SharedDemarcation sharedDemarcationMarkerRef="b363ae7f-2a9f-4343-97b8-924d4bb9da39" direction="Upstream"/>
			</SharedDemarcations>
		</OpenLine>
	</OpenLines>
	<SharedDemarcationMarkers>
		<SharedDemarcationMarker puic="e5d90e63-0026-4fa4-ad93-acfb13ed9d05" railConnectionRef="3d3b75d3-e575-4ffe-ac69-b95f85cee62e" atMeasure="343.705"/>
		<SharedDemarcationMarker puic="b363ae7f-2a9f-4343-97b8-924d4bb9da39" railConnectionRef="3d3b75d3-e575-4ffe-ac69-b95f85cee62e" atMeasure="3627.459"/>
		<SharedDemarcationMarker puic="fafd2d37-1cb0-492a-a26f-7a76deb8aa86" railConnectionRef="e58f9956-ac7d-4f6c-b8c4-c25dcf110aea" atMeasure="30"/>
		<SharedDemarcationMarker puic="1a276ff0-c350-436a-aefa-885f30b2375b" railConnectionRef="e58f9956-ac7d-4f6c-b8c4-c25dcf110aea" atMeasure="40"/>
	</SharedDemarcationMarkers>
	<Ppcs>
		<Ppc puic="c5d001c1-0dd7-4a75-8e6b-4fcfc9b8abce" name="ZVO" description="Zevenaar Oost">
			<ControlledOperationalPointRefs>27114caa-63e8-4735-ada5-311992776899 27114caa-63e8-4735-ada5-311992776899</ControlledOperationalPointRefs>
			<EntrySignalRefs>f2de66a0-6376-41ff-838e-d72ce25bae44</EntrySignalRefs>
		</Ppc>
	</Ppcs>
	<ElectrificationAreas>
		<ElectrificationArea puic="7f8fdb74-dc33-4ada-8e1f-74bc6676c90a">
			<TrackFragments>
				<TrackFragment railConnectionRef="e58f9956-ac7d-4f6c-b8c4-c25dcf110aea" fromMeasure="582.808" toMeasure="593.837"/>
			</TrackFragments>
			<DemarcationMarkers>
				<DemarcationMarker railConnectionRef="e58f9956-ac7d-4f6c-b8c4-c25dcf110aea" direction="Upstream" atMeasure="582.808"/>
				<DemarcationMarker railConnectionRef="e58f9956-ac7d-4f6c-b8c4-c25dcf110aea" direction="Downstream" atMeasure="593.837"/>
			</DemarcationMarkers>
		</ElectrificationArea>
	</ElectrificationAreas>
	<GeoSubcodeAreas>
		<GeoSubcodeArea puic="cd74dab1-239d-4c89-a065-8da6bfa9dc30" name="611_a">
			<Location>
				<GeographicLocation dataAcquisitionMethod="Sketch">
					<gml:MultiPolygon srsName="EPSG:28992">
						<gml:polygonMember>
							<gml:Polygon>
								<gml:outerBoundaryIs>
									<gml:LinearRing>
										<gml:coordinates>202922.9,437108 203018.2,437082.7 202984.8,437475.7 202945.4,437490.1 202922.9,437108</gml:coordinates>
									</gml:LinearRing>
								</gml:outerBoundaryIs>
							</gml:Polygon>
						</gml:polygonMember>
					</gml:MultiPolygon>
				</GeographicLocation>
			</Location>
		</GeoSubcodeArea>
	</GeoSubcodeAreas>
	<GeocodeAreas>
		<GeocodeArea puic="3bf6d2f2-3035-48f3-af41-f70c336b67a8" name="212" description="Zevenaar">
			<Location>
				<GeographicLocation dataAcquisitionMethod="Constructed">
					<gml:MultiPolygon srsName="EPSG:28992">
						<gml:polygonMember>
							<gml:Polygon>
								<gml:outerBoundaryIs>
									<gml:LinearRing>
										<gml:coordinates>203941,437124.9 212128.3,441028.5 214991.2,441208.7 217805,441093.8 219975.4,438823.4 221769.5,437581.8 222508.5,436810.5 229019.4,439037 233996.1,437992.5 236513.9,437327.1 237960,437376.5 241225.7,438619.1 244661.3,439478.8 246258.3,441447.8 246844.7,441719.4 246999.8,441948.3 247144.525,442332.399 246481.1,442182 246400.4,441994.1 246100.6,441960.9 245827.5,442107.3 244236.5,440145.7 241000.5,439335.9 237809.8,438121.8 236598.7,438080.5 234169.1,438722.5 228971.7,439813.4 222718.8,437675 222258.6,438155.4 220464.9,439396.7 218138,441830.8 214982.9,441959.7 211936.4,441767.9 202984.8,437475.7 203018.2,437082.7 203424.9,437101.3 203941,437124.9</gml:coordinates>
									</gml:LinearRing>
								</gml:outerBoundaryIs>
							</gml:Polygon>
						</gml:polygonMember>
					</gml:MultiPolygon>
				</GeographicLocation>
			</Location>
			<GeoSubcodeAreaRefs>64424d90-a96a-429c-9b05-662f8c8b42b0</GeoSubcodeAreaRefs>
		</GeocodeArea>
	</GeocodeAreas>
	<ProRailRegions>
		<ProRailRegion puic="6f8375b6-8f7b-476d-9133-02381ce3bf0d" name="Randstad Zuid" abbreviation="RZ">
			<Location>
				<GeographicLocation dataAcquisitionMethod="Constructed">
					<gml:MultiPolygon srsName="EPSG:28992">
						<gml:polygonMember>
							<gml:Polygon>
								<gml:outerBoundaryIs>
									<gml:LinearRing>
										<gml:coordinates>159456.111699998,435185.266000002 159424.577199999,435070.011100002 159414.389309916,435070.446844641 159406.776991331,435067.711025461 159345.876200002,435044.310600003 159225.974599998,435003.909700002 158999.0713,435074.3102 158488.663899999,435217.311299998 158208.759799998,435307.311999996 157225.8464,435151.5085 155342.4201,434728.601300003 154532.908599999,434229.894200001 154018.800900001,433820.1885 153808.897799999,433652.9861 151583.362,431942.962799999 151552.460999999,431613.857700001 151527.331780469,431263.613052777 151503.364801651,431243.106733508 151446.3891,431233.3455 151404.5469,431200.405400001 151354.140099999,431223.912900001 150091.336399999,431000.851000002 149748.131000001,431034.952500002 148875.316199999,430767.950699999 </gml:coordinates>
									</gml:LinearRing>
								</gml:outerBoundaryIs>
							</gml:Polygon>
						</gml:polygonMember>
					</gml:MultiPolygon>
				</GeographicLocation>
			</Location>
		</ProRailRegion>
	</ProRailRegions>
	<ProRailAreas>
		<ProRailArea puic="d700334b-5675-41d8-b8de-a03415074b84" name="Samenspelregio Zuid">
			<Location>
				<GeographicLocation dataAcquisitionMethod="Constructed">
					<gml:MultiPolygon>
						<gml:polygonMember>
							<gml:Polygon srsName="EPSG:28992">
								<gml:outerBoundaryIs>
									<gml:LinearRing>
										<gml:coordinates>201295.9,437704.400000001 201159.1,437759.300000001 200822.25685043,437877.967215843 200676.5,437929.300000003 199967.8,438043.600000002 199850.2,438046.500000003 198636.96874819,437681.124788427 198012.064928172,437492.708629204 197442.764011251,437197.39246785 196141.566492095,436272.852650751 195186.963563294,435789.126379453 194429.358017172,435549.407767566 192871.539720604,435384.674899701 191641.023767889,435325.350784379 190410.60774411,435266.027438391 189157.794035818,435051.102294408</gml:coordinates>
									</gml:LinearRing>
								</gml:outerBoundaryIs>
							</gml:Polygon>
						</gml:polygonMember>
					</gml:MultiPolygon>
				</GeographicLocation>
			</Location>
			<PgoAreaRefs>12345678-b6e6-4040-867f-637a5207b081 12345679-bbb7-4e83-a848-a86d7c2b2eed</PgoAreaRefs>
		</ProRailArea>
	</ProRailAreas>
	<ProcessContractAreas>
		<ProcessContractArea puic="d700334b-5675-41d8-b8de-a03415074b84" name="A15trace" type="Power3kV" number="71" contractor="VolkerRail">
			<Location>
				<GeographicLocation dataAcquisitionMethod="Constructed">
					<gml:MultiPolygon>
						<gml:polygonMember>
							<gml:Polygon srsName="EPSG:28992">
								<gml:outerBoundaryIs>
									<gml:LinearRing>
										<gml:coordinates>201295.9,437704.400000001 201159.1,437759.300000001 200822.25685043,437877.967215843 200676.5,437929.300000003 199967.8,438043.600000002 199850.2,438046.500000003 198636.96874819,437681.124788427 198012.064928172,437492.708629204 197442.764011251,437197.39246785 196141.566492095,436272.852650751 195186.963563294,435789.126379453 194429.358017172,435549.407767566 192871.539720604,435384.674899701 191641.023767889,435325.350784379 190410.60774411,435266.027438391 189157.794035818,435051.102294408</gml:coordinates>
									</gml:LinearRing>
								</gml:outerBoundaryIs>
							</gml:Polygon>
						</gml:polygonMember>
					</gml:MultiPolygon>
				</GeographicLocation>
			</Location>
		</ProcessContractArea>
	</ProcessContractAreas>
	<PgoAreas>
		<PgoArea puic="19ab0d4f-8628-46b0-912d-5327c6b5b66d">
			<Location>
				<GeographicLocation dataAcquisitionMethod="Constructed">
					<gml:MultiPolygon>
						<gml:polygonMember>
							<gml:Polygon srsName="EPSG:28992">
								<gml:outerBoundaryIs>
									<gml:LinearRing>
										<gml:coordinates>201295.9,437704.400000001 201159.1,437759.300000001 200822.25685043,437877.967215843 200676.5,437929.300000003 199967.8,438043.600000002 199850.2,438046.500000003 198636.96874819,437681.124788427 198012.064928172,437492.708629204 197442.764011251,437197.39246785 196141.566492095,436272.852650751 195186.963563294,435789.126379453 194429.358017172,435549.407767566 192871.539720604,435384.674899701 191641.023767889,435325.350784379 190410.60774411,435266.027438391 189157.794035818,435051.102294408</gml:coordinates>
									</gml:LinearRing>
								</gml:outerBoundaryIs>
							</gml:Polygon>
						</gml:polygonMember>
					</gml:MultiPolygon>
				</GeographicLocation>
			</Location>
			<ProcessContractAreaRefs>df5df8f9-b6e6-4040-867f-637a5207b081 d967e3cb-bbb7-4e83-a848-a86d7c2b2eed</ProcessContractAreaRefs>
		</PgoArea>
	</PgoAreas>
	<CalamityOrganisationAreas>
		<CalamityOrganisationArea puic="35571ee2-9b77-449a-8ef9-90f59ee52bdd" name="AL Randstad Noord">
			<Location>
				<GeographicLocation dataAcquisitionMethod="Constructed">
					<gml:MultiPolygon srsName="EPSG:28992">
						<gml:polygonMember>
							<gml:Polygon srsName="EPSG:28992">
								<gml:outerBoundaryIs>
									<gml:LinearRing>
										<gml:coordinates>114171.303833008,553305.280212402 114021.103820801,553004.799987793 114146.303833008,552929.728393555 114271.504394531,553029.82421875 114396.703796387,552929.728393555 114196.400024414,552629.184020996 114021.103820801,552779.391784668 113920.903808594,552629.184020996 114947.600036621,551427.200439453 115047.799987793,551527.424194336 114471.800415039,552403.840026855 114572,552478.912231445 114922.599609375,552153.40838623 115373.304016113,552303.680236816 114171.303833008,553305.280212402</gml:coordinates>
									</gml:LinearRing>
								</gml:outerBoundaryIs>
								<gml:innerBoundaryIs>
									<gml:LinearRing>
										<gml:coordinates>143525.125,436982.21862793 143505.593017578,436976.112426758 143530.21081543,436982.826416016 143525.125,436982.21862793</gml:coordinates>
									</gml:LinearRing>
								</gml:innerBoundaryIs>
							</gml:Polygon>
						</gml:polygonMember>
						<gml:polygonMember>
							<gml:Polygon srsName="EPSG:28992">
								<gml:outerBoundaryIs>
									<gml:LinearRing>
										<gml:coordinates>119878,577372.544006348 119911.200012207,577332.991821289 119947.50378418,577283.648010254 119969.40020752,577245.119995117 119987.40020752,577209.40802002 119998.799621582,577183.103637695 119999.999816895,577179.32800293 120007.704223633,577153.343811035 120014.799987793,577132.288208008,557391.231811523 114358.104003906,557381.311828613 114364,557373.440002441 114370.800231934,557370.239624023 114376.800231934,557369.215820313 114426.200012207,557356.799987793 114432.703796387,557353.91998291 114454.50402832,557343.616027832 114462.104187012,557341.184020996 114466.000183105,557334.719787598 114467.903808594,557326.783996582 114466.903808594,557321.792236328 114462.200012207,557315.135803223 114458.400390625,557314.111999512 114355.903808594,557343.999816895 114349.399841309,557347.391784668 114337.90423584,557353.08782959</gml:coordinates>
									</gml:LinearRing>
								</gml:outerBoundaryIs>
							</gml:Polygon>
						</gml:polygonMember>
					</gml:MultiPolygon>
				</GeographicLocation>
			</Location>
		</CalamityOrganisationArea>
	</CalamityOrganisationAreas>
	<IncidentManagementPrimaryAreas>
		<IncidentManagementPrimaryArea puic="b65f19a3-10a1-4215-a19c-14003d39c6e4" name="Utrecht">
			<Location>
				<GeographicLocation dataAcquisitionMethod="Constructed">
					<gml:MultiPolygon srsName="EPSG:28992">
						<gml:polygonMember>
							<gml:Polygon srsName="EPSG:28992">
								<gml:outerBoundaryIs>
									<gml:LinearRing>
										<gml:coordinates>114171.303833008,553305.280212402 114021.103820801,553004.799987793 114146.303833008,552929.728393555 114271.504394531,553029.82421875</gml:coordinates>
									</gml:LinearRing>
								</gml:outerBoundaryIs>
							</gml:Polygon>
						</gml:polygonMember>
						<gml:polygonMember>
							<gml:Polygon srsName="EPSG:28992">
								<gml:outerBoundaryIs>
									<gml:LinearRing>
										<gml:coordinates>119878,577372.544006348 119911.200012207,577332.991821289 119947.50378418,577283.648010254 119969.40020752,577245.119995117 119987.40020752,577209.40802002</gml:coordinates>
									</gml:LinearRing>
								</gml:outerBoundaryIs>
							</gml:Polygon>
						</gml:polygonMember>
					</gml:MultiPolygon>
				</GeographicLocation>
			</Location>
		</IncidentManagementPrimaryArea>
	</IncidentManagementPrimaryAreas>
	<IncidentManagementReplacementAreas>
		<IncidentManagementReplacementArea puic="dd637e2c-2a4f-4491-ad1a-84261ea23425" name="Rotterdam">
			<Location>
				<GeographicLocation dataAcquisitionMethod="Constructed">
					<gml:MultiPolygon srsName="EPSG:28992">
						<gml:polygonMember>
							<gml:Polygon srsName="EPSG:28992">
								<gml:outerBoundaryIs>
									<gml:LinearRing>
										<gml:coordinates>114171.303833008,553305.280212402 114021.103820801,553004.799987793 114146.303833008,552929.728393555 114271.504394531,553029.82421875 </gml:coordinates>
									</gml:LinearRing>
								</gml:outerBoundaryIs>
								<gml:innerBoundaryIs>
									<gml:LinearRing>
										<gml:coordinates>69021.7994384766,413203.712585449 68646.3038330078,413316.320007324 68220.7042236328,413491.616210938 67845.1041870117,413767.007995605</gml:coordinates>
									</gml:LinearRing>
								</gml:innerBoundaryIs>
							</gml:Polygon>
						</gml:polygonMember>
						<gml:polygonMember>
							<gml:Polygon srsName="EPSG:28992">
								<gml:outerBoundaryIs>
									<gml:LinearRing>
										<gml:coordinates>119878,577372.544006348 119911.200012207,577332.991821289 119947.50378418,577283.648010254 119969.40020752,577245.119995117 119987.40020752,577209.40802002</gml:coordinates>
									</gml:LinearRing>
								</gml:outerBoundaryIs>
							</gml:Polygon>
						</gml:polygonMember>
						<gml:polygonMember>
							<gml:Polygon srsName="EPSG:28992">
								<gml:outerBoundaryIs>
									<gml:LinearRing>
										<gml:coordinates>60023.6995849609,415862.496032715 59864.4998168945,415824.320617676 59641.7001953125,415938.81640625 59431.6995849609,416174.400390625</gml:coordinates>
									</gml:LinearRing>
								</gml:outerBoundaryIs>
							</gml:Polygon>
						</gml:polygonMember>
						<gml:polygonMember>
							<gml:Polygon srsName="EPSG:28992">
								<gml:outerBoundaryIs>
									<gml:LinearRing>
										<gml:coordinates>56166.399597168,421801.312194824 56510.1000366211,421572.192382813 56777.3998413086,421400.320617676 57019.299987793,421158.400817871 56993.799987793,421056.608215332</gml:coordinates>
									</gml:LinearRing>
								</gml:outerBoundaryIs>
							</gml:Polygon>
						</gml:polygonMember>
						<gml:polygonMember>
							<gml:Polygon srsName="EPSG:28992">
								<gml:outerBoundaryIs>
									<gml:LinearRing>
										<gml:coordinates>56872.8998413086,418516.800598145 56885.5997924805,418364.000183105 56675.600402832,418268.608642578 56497.2998046875,418255.80859375 56217.299987793,418039.392028809 55759,417867.520202637</gml:coordinates>
									</gml:LinearRing>
								</gml:outerBoundaryIs>
							</gml:Polygon>
						</gml:polygonMember>
						<gml:polygonMember>
							<gml:Polygon srsName="EPSG:28992">
								<gml:outerBoundaryIs>
									<gml:LinearRing>
										<gml:coordinates>54517.799621582,417167.392028809 53079.2001953125,416963.712585449 53085.6002197266,417020.992431641 52939.200012207,417256.512634277 52869.200012207,417396.512390137 53009.1998291016,417638.400390625</gml:coordinates>
									</gml:LinearRing>
								</gml:outerBoundaryIs>
							</gml:Polygon>
						</gml:polygonMember>
					</gml:MultiPolygon>
				</GeographicLocation>
			</Location>
		</IncidentManagementReplacementArea>
	</IncidentManagementReplacementAreas>
	<SmcOverheadLineServiceAreas>
		<SmcOverheadLineServiceArea puic="a727901e-1961-466d-87c2-a18813de6490" name="Randstad Noord">
			<Location>
				<GeographicLocation dataAcquisitionMethod="Constructed">
					<gml:MultiPolygon srsName="EPSG:28992">
						<gml:polygonMember>
							<gml:Polygon srsName="EPSG:28992">
								<gml:outerBoundaryIs>
									<gml:LinearRing>
										<gml:coordinates>186548.288024902,505380.134033203 186710.262634277,504944.06842041 186810.59979248,504997.605834961 187261.589599609,505238.242614746 187875.89239502,505566.018615723</gml:coordinates>
									</gml:LinearRing>
								</gml:outerBoundaryIs>
								<gml:innerBoundaryIs>
									<gml:LinearRing>
										<gml:coordinates>107352.969238281,478018.126220703 107328.472839355,477988.526794434 107379.936828613,478029.639587402 107374.524597168,478036.057434082 107352.969238281,478018.126220703</gml:coordinates>
									</gml:LinearRing>
								</gml:innerBoundaryIs>
								<gml:innerBoundaryIs>
									<gml:LinearRing>
										<gml:coordinates>106689.300842285,477435.581787109 106641.702392578,477360.160827637 106725.928833008,477452.626586914 106797.207641602,477551.44342041 106861.536804199,477632.719421387</gml:coordinates>
									</gml:LinearRing>
								</gml:innerBoundaryIs>
							</gml:Polygon>
						</gml:polygonMember>
					</gml:MultiPolygon>
				</GeographicLocation>
			</Location>
		</SmcOverheadLineServiceArea>
	</SmcOverheadLineServiceAreas>
</ManagementAreas>
