<?xml version="1.0" encoding="UTF-8"?>
<Legacy xmlns="http://www.prorail.nl/IMSpoor" xmlns:xsi="http://www.w3.org/2001/XMLSchema-instance" xmlns:gml="http://www.opengis.net/gml" xsi:schemaLocation="http://www.prorail.nl/IMSpoor IMSpoor-Legacy.xsd" xmlns:xs="http://www.w3.org/2001/XMLSchema" imxVersion="13.0.0">
	<DocumentReferences>
		<BaseReference parentDocumentName="IMSpoor-SignalingDesign.xml" parentHashcode="0cf1e28c667cdd403ec284f71e6ac7379dd903ab5076bb24b96c3208e1853724"/>
	</DocumentReferences>
	<InfraAtlasAreas>
		<InfraAtlasArea puic="14131aa6-3d32-48e1-8fde-438b51060362" name="Amf" description="Amersfoort" infraAtlasAreaType="Connection">
			<OperationalPointRefs>03c45666-6513-404b-92ec-83bbb87955a9</OperationalPointRefs>
			<OpenLineRefs>c7872c84-61d7-4879-8e68-8b70c88f52ac 441ee759-e701-48ba-82e3-246de8d534cb</OpenLineRefs>
		</InfraAtlasArea>
	</InfraAtlasAreas>
	<MovementPlanSources>
		<MovementPlanSource movementPlanRef="daa56027-7e59-4220-91de-f16b85907dc3" configurationVersion="V900" configurationTimestamp="2015-10-12T00:00:00+02:00"/>
	</MovementPlanSources>
	<SystemIdentifications>
		<SystemIdentification objectRef="a9e6a356-da92-4f80-af84-b8ddf7630319" identificationSchema="BEVNL" objectName="W1" objectType="WISSEL" areaName="Ams" areaType="PPLG"/>
	</SystemIdentifications>
	<PpcPpcBoundaries>
		<PpcPpcBoundary puic="6908183b-cd7f-47d6-a57b-0e39e3fd927a" sharedDemarcationMarkerRef="e5d90e63-0026-4fa4-ad93-acfb13ed9d05">
			<PpcEntrySignalRefs>f2de66a0-6376-41ff-838e-d72ce25bae44 65ccaade-e1c7-43e8-975b-e377951ba621</PpcEntrySignalRefs>
			<BoundaryConfiguration>
				<ConfigRecord operationalPointRef="45cf677e-fc01-4cf3-a5d5-36f384bed2e2" operationalPointTrackRef="4918f2f3-6a06-4a68-b8e7-137c499a6b86" operationalPointTrackFunction="EntryExit" infraAtlasAreaRef="14131aa6-3d32-48e1-8fde-438b51060362"/>
				<ConfigRecord operationalPointRef="45cf677e-fc01-4cf3-a5d5-36f384bed2e2" operationalPointTrackRef="4918f2f3-6a06-4a68-b8e7-137c499a6b86" operationalPointTrackFunction="EntryExit" infraAtlasAreaRef="14131aa6-3d32-48e1-8fde-438b51060362"/>
			</BoundaryConfiguration>
		</PpcPpcBoundary>
	</PpcPpcBoundaries>
	<RouteIdentifications>
		<RouteIdentification routeRef="62afb2ec-2212-4284-b95b-bf2ab8c763bc" identificationSchema="ASTRIS" lrString="LRLR"/>
	</RouteIdentifications>
</Legacy>