<?xml version="1.0" encoding="UTF-8"?>
<ImSpoor xmlns="http://www.prorail.nl/IMSpoor" xmlns:xsi="http://www.w3.org/2001/XMLSchema-instance" xmlns:gml="http://www.opengis.net/gml" xsi:schemaLocation="http://www.prorail.nl/IMSpoor IMSpoor-ExampleIAUF_UIT.xsd" imxVersion="10.0.0">
	<Project puic="10df4c1d-04e6-4db6-8378-6ae69322ee69" name="was-wordt voorbeeld">
		<InitialSituation referenceDate="2016-12-12T00:00:00+02:00"/>
		<NewSituation referenceDate="2016-12-12T00:00:00+02:00" perspectiveDate="2015-12-12T00:00:00+02:00"/>
		<SituationChanges/>
		<ProjectMetadata projectType="AreaUpdate" createdDate="2015-12-12T00:00:00+02:00" externalProjectReference="123456" plannedDeliveryDate="2024-12-12T00:00:00+02:00" projectName="BBV 1234">
			<UserArea>
				<gml:Polygon>
					<gml:outerBoundaryIs>
						<gml:LinearRing>
							<gml:coordinates>77230.57,433556.06 77231.26,433552.97 77230.03,433552.70,77229.40, 433555.81 77230.57,433556.06</gml:coordinates>
						</gml:LinearRing>
					</gml:outerBoundaryIs>
				</gml:Polygon>
			</UserArea>
			<WorkArea>
				<gml:Polygon>
					<gml:outerBoundaryIs>
						<gml:LinearRing>
							<gml:coordinates>77230.57,433556.06 77231.26,433552.97 77230.03,433552.70,77229.40, 433555.81 77230.57,433556.06</gml:coordinates>
						</gml:LinearRing>
					</gml:outerBoundaryIs>
				</gml:Polygon>
			</WorkArea>
			<ContextArea>
				<gml:Polygon>
					<gml:outerBoundaryIs>
						<gml:LinearRing>
							<gml:coordinates>77230.57,433556.06 77231.26,433552.97 77230.03,433552.70,77229.40, 433555.81 77230.57,433556.06</gml:coordinates>
						</gml:LinearRing>
					</gml:outerBoundaryIs>
				</gml:Polygon>
			</ContextArea>
			<ChangeableTypes>Sign Signal</ChangeableTypes>
			<ChangeableObjects>03c6e0e3-edec-447f-9e3d-27afbbec89e6 8d90241d-7b40-4e50-a917-6d05fa25f7d9</ChangeableObjects>
			<NoneChangeableObjects>03c6e0e3-edec-447f-9e3d-27afbbec89e6 8d90241d-7b40-4e50-a917-6d05fa25f7d9</NoneChangeableObjects>
		</ProjectMetadata>
	</Project>
</ImSpoor>
