<?xml version="1.0" encoding="UTF-8"?>
<!-- Dit bestand bevat voorbeelden van IMSpoor-Ertms elementen.
		Disclaimers:
		1. Alle informatie is fictief,
		2. Alle referenties naar PUIC's zijn fictief,
		3. Alle elementen hebben dezelfde locatie, richting en track referentie.
-->
<Ertms xmlns="http://www.prorail.nl/IMSpoor" xmlns:gml="http://www.opengis.net/gml" xmlns:xsi="http://www.w3.org/2001/XMLSchema-instance" xsi:schemaLocation="http://www.prorail.nl/IMSpoor IMSpoor-Communication.xsd">
	<TrackConditionMarkers>
		<TC68 puic="544c2e3c-1bfe-47a0-bc72-4b5355764698" name="Track Condition 68">
			<Location>
				<GeographicLocation dataAcquisitionMethod="Constructed">
					<gml:Point srsName="EPSG:28992">
						<gml:coordinates>202361.017,437300.21</gml:coordinates>
					</gml:Point>
				</GeographicLocation>
			</Location>
			<RailConnectionInfo railConnectionRef="6c9e5c45-02b3-4507-955e-57061fd793c4" direction="Downstream" atMeasure="818.041"/>
			<TrackFragments>
				<TrackFragment railConnectionRef="4c61f54d-bfe3-4c09-a362-d8125428af84" fromMeasure="123" toMeasure="512"/>
			</TrackFragments>
			<M_TRACKCOND>0000</M_TRACKCOND>
		</TC68>
		<TC69_StationPlatform puic="957c804e-0901-433d-9d5b-dd5bbf175aed" name="Track Condition 69" platformWallRef="165c8504-4964-4ccc-abf6-7d1ee39b3a9f">
			<Location>
				<GeographicLocation dataAcquisitionMethod="Constructed">
					<gml:Point srsName="EPSG:28992">
						<gml:coordinates>202361.017,437300.21</gml:coordinates>
					</gml:Point>
				</GeographicLocation>
			</Location>
			<RailConnectionInfo railConnectionRef="6c9e5c45-02b3-4507-955e-57061fd793c4" direction="Downstream" atMeasure="818.041"/>
			<TrackFragments>
				<TrackFragment railConnectionRef="4c61f54d-bfe3-4c09-a362-d8125428af84" fromMeasure="123" toMeasure="512"/>
			</TrackFragments>
			<M_PLATFORM>15</M_PLATFORM>
			<Q_PLATFORM>00</Q_PLATFORM>
		</TC69_StationPlatform>
		<TC40_ChangeOfAllowedCurrentConsumption puic="71cff808-4a0b-4f70-a421-f07b0d3dd92f" name="Track Condition 40">
			<Location>
				<GeographicLocation dataAcquisitionMethod="Constructed">
					<gml:Point srsName="EPSG:28992">
						<gml:coordinates>202361.017,437300.21</gml:coordinates>
					</gml:Point>
				</GeographicLocation>
			</Location>
			<RailConnectionInfo railConnectionRef="6c9e5c45-02b3-4507-955e-57061fd793c4" direction="Downstream" atMeasure="818.041"/>
			<TrackFragments>
				<TrackFragment railConnectionRef="4c61f54d-bfe3-4c09-a362-d8125428af84" fromMeasure="123" toMeasure="512"/>
			</TrackFragments>
			<M_CURRENT>100</M_CURRENT>
		</TC40_ChangeOfAllowedCurrentConsumption>
		<TC39_ChangeOfTractionSystem puic="938cbe97-7209-411a-b2d6-c1112815aa7d" name="Track Condition 39">
			<Location>
				<GeographicLocation dataAcquisitionMethod="Constructed">
					<gml:Point srsName="EPSG:28992">
						<gml:coordinates>202361.017,437300.21</gml:coordinates>
					</gml:Point>
				</GeographicLocation>
			</Location>
			<RailConnectionInfo railConnectionRef="6c9e5c45-02b3-4507-955e-57061fd793c4" direction="Downstream" atMeasure="818.041"/>
			<TrackFragments>
				<TrackFragment railConnectionRef="4c61f54d-bfe3-4c09-a362-d8125428af84" fromMeasure="123" toMeasure="512"/>
			</TrackFragments>
			<M_VOLTAGE>4</M_VOLTAGE>
		</TC39_ChangeOfTractionSystem>
		<TC67_BigMetalMass puic="2d015928-b369-435d-b78c-1cefe5f1dabb" name="Track Condition 67">
			<Location>
				<GeographicLocation dataAcquisitionMethod="Constructed">
					<gml:Point srsName="EPSG:28992">
						<gml:coordinates>202361.017,437300.21</gml:coordinates>
					</gml:Point>
				</GeographicLocation>
			</Location>
			<RailConnectionInfo railConnectionRef="6c9e5c45-02b3-4507-955e-57061fd793c4" direction="Downstream" atMeasure="818.041"/>
			<TrackFragments>
				<TrackFragment railConnectionRef="4c61f54d-bfe3-4c09-a362-d8125428af84" fromMeasure="123" toMeasure="512"/>
			</TrackFragments>
		</TC67_BigMetalMass>
	</TrackConditionMarkers>
	<TransitionMarkers>
		<TransitionMarker puic="ccd5d1c4-2e80-4c7b-8361-8151eb19eb3c" name="Level transitie">
			<Location>
				<GeographicLocation dataAcquisitionMethod="Constructed">
					<gml:Point srsName="EPSG:28992">
						<gml:coordinates>202361.017,437300.21</gml:coordinates>
					</gml:Point>
				</GeographicLocation>
			</Location>
			<RailConnectionInfo railConnectionRef="6c9e5c45-02b3-4507-955e-57061fd793c4" direction="Downstream" atMeasure="818.041"/>
			<LevelTransition conditional="False">
				<PriorityList>
					<OrderedErtmsLevel index="0">
						<M_LEVELTR>3</M_LEVELTR>
						<AcknowledgementArea>
							<L_ACKLEVELTR>10</L_ACKLEVELTR>
							<Path>
								<OrderedSwitchPosition index="0" switchMechanismRef="45b379ef-0faf-4fd2-ac60-534e57bae347" switchPosition="Left"/>
							</Path>
						</AcknowledgementArea>
					</OrderedErtmsLevel>
					<OrderedErtmsLevel index="1">
						<M_LEVELTR>2</M_LEVELTR>
						<AcknowledgementArea>
							<L_ACKLEVELTR>10</L_ACKLEVELTR>
							<Path>
								<OrderedSwitchPosition index="0" switchMechanismRef="45b379ef-0faf-4fd2-ac60-534e57bae347" switchPosition="Left"/>
							</Path>
						</AcknowledgementArea>
					</OrderedErtmsLevel>
				</PriorityList>
			</LevelTransition>
		</TransitionMarker>
		<TransitionMarker puic="9198e1c2-65e4-4f8d-b283-d37548c89819" name="Wisselstand-afhankelijke level transitie">
			<Location>
				<GeographicLocation dataAcquisitionMethod="Constructed">
					<gml:Point srsName="EPSG:28992">
						<gml:coordinates>202361.017,437300.21</gml:coordinates>
					</gml:Point>
				</GeographicLocation>
			</Location>
			<RailConnectionInfo railConnectionRef="6c9e5c45-02b3-4507-955e-57061fd793c4" direction="Downstream" atMeasure="818.041"/>
			<SwitchCondition switchMechanismRef="45b379ef-0faf-4fd2-ac60-534e57bae347" switchPosition="Left"/>
			<LevelTransition conditional="False">
				<PriorityList>
					<OrderedErtmsLevel index="0">
						<M_LEVELTR>3</M_LEVELTR>
						<AcknowledgementArea>
							<L_ACKLEVELTR>10</L_ACKLEVELTR>
							<Path>
								<OrderedSwitchPosition index="0" switchMechanismRef="45b379ef-0faf-4fd2-ac60-534e57bae347" switchPosition="Left"/>
							</Path>
						</AcknowledgementArea>
					</OrderedErtmsLevel>
				</PriorityList>
			</LevelTransition>
		</TransitionMarker>
		<TransitionMarker puic="00166215-25bc-4255-b2f4-460b14ef17de" name="Mode transitie">
			<Location>
				<GeographicLocation dataAcquisitionMethod="Constructed">
					<gml:Point srsName="EPSG:28992">
						<gml:coordinates>202361.017,437300.21</gml:coordinates>
					</gml:Point>
				</GeographicLocation>
			</Location>
			<RailConnectionInfo railConnectionRef="6c9e5c45-02b3-4507-955e-57061fd793c4" direction="Downstream" atMeasure="818.041"/>
			<ModeTransition acknowledgementTime="30">
				<M_MAMODE>01</M_MAMODE>
				<Q_MAMODE>0</Q_MAMODE>
				<V_MAMODE>40</V_MAMODE>
				<L_MAMODE>1</L_MAMODE>
				<AcknowledgementArea>
					<L_ACKMAMODE>1</L_ACKMAMODE>
					<Path>
						<OrderedSwitchPosition index="0" switchMechanismRef="45b379ef-0faf-4fd2-ac60-534e57bae347" switchPosition="Left"/>
					</Path>
				</AcknowledgementArea>
			</ModeTransition>
		</TransitionMarker>
		<TransitionMarker puic="35ad3f7f-eaad-4f16-982b-0acf6e4f7e5e" name="TSI-CCS transitie">
			<Location>
				<GeographicLocation dataAcquisitionMethod="Constructed">
					<gml:Point srsName="EPSG:28992">
						<gml:coordinates>202361.017,437300.21</gml:coordinates>
					</gml:Point>
				</GeographicLocation>
			</Location>
			<RailConnectionInfo railConnectionRef="6c9e5c45-02b3-4507-955e-57061fd793c4" direction="Downstream" atMeasure="818.041"/>
			<TsiCcsTransition>
				<M_VERSION>32</M_VERSION>
			</TsiCcsTransition>
		</TransitionMarker>
		<TransitionMarker puic="5de31ab8-a777-4203-9b39-7d26ec823928" name="RBC-RBC transitie">
			<Location>
				<GeographicLocation dataAcquisitionMethod="Constructed">
					<gml:Point srsName="EPSG:28992">
						<gml:coordinates>202361.017,437300.21</gml:coordinates>
					</gml:Point>
				</GeographicLocation>
			</Location>
			<RailConnectionInfo railConnectionRef="6c9e5c45-02b3-4507-955e-57061fd793c4" direction="Downstream" atMeasure="818.041"/>
			<RbcRbcTransition entryRadioBlockCenterAreaRef="3e5e3898-42e7-4c6d-a2ab-cf105864506c" exitRadioBlockCenterAreaRef="1625f5a2-59a3-431c-ac20-62d9f0f0f878" lifeSignTimer="10"/>
		</TransitionMarker>
	</TransitionMarkers>
	<SpeedChangeMarkers>
		<SpeedChangeMarker puic="c08f2964-5e59-4861-beb0-9bb91d8e48bd" name="Onconditionele speed change" basicSpeed="80">
			<Location>
				<GeographicLocation dataAcquisitionMethod="Constructed">
					<gml:Point srsName="EPSG:28992">
						<gml:coordinates>202361.017,437300.21</gml:coordinates>
					</gml:Point>
				</GeographicLocation>
			</Location>
			<RailConnectionInfo railConnectionRef="6c9e5c45-02b3-4507-955e-57061fd793c4" direction="Downstream" atMeasure="818.041"/>
			<Q_FRONT>1</Q_FRONT>
			<Q_DIFF>3</Q_DIFF>
			<TrainCategorySpeed speed="80">
				<NC_DIFF>2</NC_DIFF>
			</TrainCategorySpeed>
			<TrainCategorySpeed speed="80">
				<NC_DIFF>3</NC_DIFF>
			</TrainCategorySpeed>
			<CantDeficiencySpeed speed="80">
				<NC_CDDIFF>0</NC_CDDIFF>
			</CantDeficiencySpeed>
			<CantDeficiencySpeed speed="80">
				<NC_CDDIFF>3</NC_CDDIFF>
			</CantDeficiencySpeed>
		</SpeedChangeMarker>
		<SpeedChangeMarker puic="39e698c7-2768-4255-a500-bcc83e172375" name="Conditionele speed change" basicSpeed="80">
			<Location>
				<GeographicLocation dataAcquisitionMethod="Constructed">
					<gml:Point srsName="EPSG:28992">
						<gml:coordinates>202361.017,437300.21</gml:coordinates>
					</gml:Point>
				</GeographicLocation>
			</Location>
			<RailConnectionInfo railConnectionRef="6c9e5c45-02b3-4507-955e-57061fd793c4" direction="Downstream" atMeasure="818.041"/>
			<Q_FRONT>1</Q_FRONT>
			<Q_DIFF>3</Q_DIFF>
			<SpeedChangeConditions>
				<SwitchCondition switchPosition="Left" switchMechanismRef="c60978a5-c0ae-416e-a5d4-8811aaea31b4"/>
				<SignalCondition signalAspectRef="a761ba8b-e79d-4c9a-9766-b57ff7f45496"/>
				<WorkzoneCondition workzoneSystemRef="6c9e5c45-02b3-4507-955e-57061fd793c4"/>
				<OtherCondition state="Energized" objectRef="3d28b7ca-91c8-4876-b6cc-3a64a19d46c1"/>
			</SpeedChangeConditions>
		</SpeedChangeMarker>
	</SpeedChangeMarkers>
	<GradientMarkers>
		<GradientMarker puic="3468ecf9-ae8b-4248-b7c9-bd86b93ba7a0">
			<Location>
				<GeographicLocation dataAcquisitionMethod="Constructed">
					<gml:Point srsName="EPSG:28992">
						<gml:coordinates>202361.017,437300.21</gml:coordinates>
					</gml:Point>
				</GeographicLocation>
			</Location>
			<RailConnectionInfo railConnectionRef="6c9e5c45-02b3-4507-955e-57061fd793c4" direction="Downstream" atMeasure="818.041"/>
			<Q_GDIR>0</Q_GDIR>
			<G_A>0</G_A>
		</GradientMarker>
	</GradientMarkers>
	<TextMessageMarkers>
		<TextMessageMarker puic="ebf63211-781d-4277-a378-a137b2e8c461">
			<Location>
				<GeographicLocation dataAcquisitionMethod="Constructed">
					<gml:Point srsName="EPSG:28992">
						<gml:coordinates>202361.017,437300.21</gml:coordinates>
					</gml:Point>
				</GeographicLocation>
			</Location>
			<RailConnectionInfo railConnectionRef="6c9e5c45-02b3-4507-955e-57061fd793c4" direction="Downstream" atMeasure="818.041"/>
			<Path>
				<OrderedSwitchPosition switchMechanismRef="a1615d1c-28c3-40fe-9fdd-9eb268325f6d" switchPosition="Left" index="0"/>
				<OrderedSwitchPosition switchMechanismRef="b12d959a-6172-4ac0-a21e-d4fe38a0e465" switchPosition="Left" index="1"/>
			</Path>
			<Q_TEXTCLASS>01</Q_TEXTCLASS>
			<Q_TEXTDISPLAY>0</Q_TEXTDISPLAY>
			<StartConditions>
				<D_TEXTDISPLAY>818</D_TEXTDISPLAY>
				<M_MODETEXTDISPLAY>0</M_MODETEXTDISPLAY>
				<LevelCondition>
					<M_LEVELTEXTDISPLAY>3</M_LEVELTEXTDISPLAY>
				</LevelCondition>
			</StartConditions>
			<EndConditions>
				<L_TEXTDISPLAY>60</L_TEXTDISPLAY>
				<T_TEXTDISPLAY>5</T_TEXTDISPLAY>
				<M_MODETEXTDISPLAY>0</M_MODETEXTDISPLAY>
				<LevelCondition>
					<M_LEVELTEXTDISPLAY>1</M_LEVELTEXTDISPLAY>
					<NID_NTC>0</NID_NTC>
				</LevelCondition>
			</EndConditions>
			<Q_TEXTCONFIRM>00</Q_TEXTCONFIRM>
			<X_TEXT>Dit is een testbericht</X_TEXT>
		</TextMessageMarker>
	</TextMessageMarkers>
	<ConditionalEmergencyStopMarkers>
		<ConditionalEmergencyStopMarker puic="2595fe05-f915-478d-b3d0-cde0cd6eb245" correctionFactor="0">
			<Location>
				<GeographicLocation dataAcquisitionMethod="Constructed">
					<gml:Point srsName="EPSG:28992">
						<gml:coordinates>202361.017,437300.21</gml:coordinates>
					</gml:Point>
				</GeographicLocation>
			</Location>
			<RailConnectionInfo railConnectionRef="6c9e5c45-02b3-4507-955e-57061fd793c4" direction="Downstream" atMeasure="818.041"/>
			<SwitchCondition switchMechanismRef="a1615d1c-28c3-40fe-9fdd-9eb268325f6d" switchPosition="Left"/>
			<SectionCondition sectionRef="7b34bcb8-0a9b-49df-9fa2-df9bba1d28f6"/>
		</ConditionalEmergencyStopMarker>
	</ConditionalEmergencyStopMarkers>
	<NationalValueSets>
		<NationalValueSet puic="d3a91527-3eb1-4e53-887b-3f36b87bc9c0" setNumber="1">
			<NID_C>86</NID_C>
			<Variable name="NID_C">86</Variable>
			<Variable name="V_NVSHUNT">40</Variable>
			<VariableSet name="Q_NVKINTSET" index="0">
				<Variable name="A_NVP12">0.05</Variable>
			</VariableSet>
			<VariableSet name="Q_NVKINTSET" index="1">
				<Variable name="A_NVP12">0.08</Variable>
			</VariableSet>
		</NationalValueSet>
	</NationalValueSets>
	<NationalValueSetMarkers>
		<NationalValueSetMarker puic="c4076293-59f4-477e-bc1a-e1ce1e535688" name="Nederland" nationalValueSetRef="d3a91527-3eb1-4e53-887b-3f36b87bc9c0">
			<Location>
				<GeographicLocation dataAcquisitionMethod="Constructed">
					<gml:Point srsName="EPSG:28992">
						<gml:coordinates>202361.017,437300.21</gml:coordinates>
					</gml:Point>
				</GeographicLocation>
			</Location>
			<RailConnectionInfo railConnectionRef="6c9e5c45-02b3-4507-955e-57061fd793c4" direction="Downstream" atMeasure="818.041"/>
		</NationalValueSetMarker>
	</NationalValueSetMarkers>
	<GeoPosMarkers>
		<GeoPosMarker puic="9a1a119d-9adf-4139-95ee-190908800df0" geoPosKilometerValue="12">
			<Location>
				<GeographicLocation dataAcquisitionMethod="Design">
					<gml:Point>
						<gml:coordinates>202361.017,437300.21</gml:coordinates>
					</gml:Point>
				</GeographicLocation>
			</Location>
			<RailConnectionInfo railConnectionRef="6c9e5c45-02b3-4507-955e-57061fd793c4" direction="Downstream" atMeasure="818.041"/>
		</GeoPosMarker>
	</GeoPosMarkers>
	<ErtmsLevelCrossings>
		<ErtmsLevelCrossing levelCrossingRef="aff87d52-56e6-43e7-8ff3-a07110984cda" speedRestriction="10">
			<LevelCrossingMalfunction>
				<SpeedRestrictedArea railConnectionRef="fbc31d77-4668-4001-b504-c515bb26f5a2" direction="Downstream" fromMeasure="0" toMeasure="10"/>
				<StoppingArea railConnectionRef="fbc31d77-4668-4001-b504-c515bb26f5a2" fromMeasure="0" toMeasure="10" direction="Downstream"/>
			</LevelCrossingMalfunction>
			<StopZone railConnectionRef="fbc31d77-4668-4001-b504-c515bb26f5a2" fromMeasure="0" toMeasure="10" direction="Downstream"/>
			<DepartureDetectionPoint railConnectionRef="6c9e5c45-02b3-4507-955e-57061fd793c4" direction="Downstream" atMeasure="818.041" speedRestrictionLength="120"/>
		</ErtmsLevelCrossing>
	</ErtmsLevelCrossings>
	<ErtmsSignals>
		<ErtmsSignal signalRef="1e61d292-0509-4a4d-a96f-aa25056e9f3d">
			<EndOfAuthority>
				<DangerPoint>
					<DangerPointLocation railConnectionRef="e2e0ba2b-597e-4fc5-8aff-a9dfea84c0ef" direction="Downstream" atMeasure="10"/>
					<DangerPointTrainCategorySpeed speed="10">
						<NC_DIFF>2</NC_DIFF>
						<V_RELEASEDP>4</V_RELEASEDP>
					</DangerPointTrainCategorySpeed>
				</DangerPoint>
				<Overlap>
					<OverlapTrainCategorySpeed speed="10">
						<NC_DIFF>2</NC_DIFF>
						<D_OL>100</D_OL>
						<T_OL>10</T_OL>
						<V_RELEASEOL>15</V_RELEASEOL>
						<D_STARTOL>20</D_STARTOL>
					</OverlapTrainCategorySpeed>
				</Overlap>
				<PermittedSpeedAtEoA>10</PermittedSpeedAtEoA>
				<OsModeProfileLocation railConnectionRef="e2e0ba2b-597e-4fc5-8aff-a9dfea84c0ef" direction="None" atMeasure="123.4"/>
			</EndOfAuthority>
			<Taa forcedPointRef="78c9789f-3912-44c1-ab75-aa696b97e4fa">
				<Path>
					<OrderedSwitchPosition switchMechanismRef="b12d959a-6172-4ac0-a21e-d4fe38a0e465" switchPosition="Left" index="0"/>
				</Path>
			</Taa>
			<LongRangeApproach blockDemarcationRef="9f075e73-eadf-4a78-9734-a07ed71c0d1b" distance="1200">
				<Path>
					<OrderedSwitchPosition switchMechanismRef="b12d959a-6172-4ac0-a21e-d4fe38a0e465" switchPosition="Left" index="0"/>
				</Path>
			</LongRangeApproach>
			<BaliseGroupRefs>95957fae-f1e0-49ed-859b-5104b63e4643</BaliseGroupRefs>
		</ErtmsSignal>
	</ErtmsSignals>
	<DepartureTracks>
		<CbgDepartureTracks>
			<CbgDepartureTrack puic="c7b4a655-a302-4ab9-8162-fedd5badac1a" signalRef="8f435126-0841-4957-a287-e29ee9c9f8bd" isReverseTrack="False" driveBySightPossible="True">
				<DemarcationMarkers>
					<DemarcationMarker railConnectionRef="7d75f22b-f616-4434-9bd9-d3e44c42f7f5" direction="Upstream" atMeasure="123"/>
					<DemarcationMarker railConnectionRef="9f3e7adf-0120-47b8-8240-cae88d7f3f6d" direction="Upstream" atMeasure="512"/>
				</DemarcationMarkers>
				<SectionRefs>06138f9e-b7c7-4a78-9c47-aa39cec50d0e 1106e9e5-b4e2-4707-af73-4b6ca7399ed6</SectionRefs>
				<DepartureTrackExtension timerValue="40">
					<TrackFragments>
						<TrackFragment railConnectionRef="4c61f54d-bfe3-4c09-a362-d8125428af84" fromMeasure="512" toMeasure="600"/>
					</TrackFragments>
					<SectionRef>8c7baa23-c2f6-4c38-8c9a-ba159be79aa7</SectionRef>
				</DepartureTrackExtension>
				<UsefulLength direction="Upstream" length="150"/>
			</CbgDepartureTrack>
		</CbgDepartureTracks>
		<NcbgDepartureTracks>
			<NcbgDepartureTrack puic="b64ee8a9-7645-4236-ad32-16e8479d0061" signalRef="7d0b882e-804a-4bf2-8d7c-74ac2c98b958" staffResponsibleSpeedLimit="100" nonCentrallyOperatedAreaRef="ec330517-61f6-4a99-9768-4837a6047527">
				<DemarcationMarkers>
					<DemarcationMarker railConnectionRef="c33f12bf-ce51-4627-b981-278610f195c5" direction="Upstream" atMeasure="123"/>
					<DemarcationMarker railConnectionRef="f042b94f-668b-4a8c-9693-a6509de8f9b7" direction="Upstream" atMeasure="512"/>
				</DemarcationMarkers>
				<SwitchPosition switchMechanismRef="b12d959a-6172-4ac0-a21e-d4fe38a0e465" switchPosition="Left"/>
				<SwitchPosition switchMechanismRef="a1615d1c-28c3-40fe-9fdd-9eb268325f6d" switchPosition="Right"/>
				<BaliseGroup8mRefs>16c61540-a70b-4262-bb12-d7b0d8103f44</BaliseGroup8mRefs>
			</NcbgDepartureTrack>
		</NcbgDepartureTracks>
		<WorkzoneDepartureTracks>
			<WorkzoneDepartureTrack puic="aaa1e0b9-d912-403b-ae7e-005c8a64792d" signalRef="bd7c7ee9-b2bf-47d5-8e6f-76a566be64f3" speedLimit="100" workzoneRef="e1ce0553-3490-4a4f-ba90-9291455f3e55">
				<DemarcationMarkers>
					<DemarcationMarker railConnectionRef="fae17e64-f4ca-4c54-b75d-09a813e2a6e6" direction="Upstream" atMeasure="123"/>
					<DemarcationMarker railConnectionRef="988cb76c-8071-4771-9b67-9955972d7c1c" direction="Upstream" atMeasure="512"/>
				</DemarcationMarkers>
			</WorkzoneDepartureTrack>
		</WorkzoneDepartureTracks>
		<TemporaryShuntingAreaDepartureTracks>
			<TemporaryShuntingAreaDepartureTrack puic="0bddf85e-ae0c-413c-85e4-af339dff0cc7" signalRef="af9a6cef-3c51-4ffc-b9f7-5ce0d5fd9fda" standStillTimer="120" temporaryShuntingAreaRef="1c1cd82b-2430-4169-b486-6ed55922600c">
				<DemarcationMarkers>
					<DemarcationMarker railConnectionRef="dd90bc9d-0471-4e6f-8492-cd2f0d5b499e" direction="Upstream" atMeasure="123"/>
					<DemarcationMarker railConnectionRef="3dddc0f6-7ea7-4d74-80d5-d3b6d901db16" direction="Upstream" atMeasure="512"/>
				</DemarcationMarkers>
			</TemporaryShuntingAreaDepartureTrack>
		</TemporaryShuntingAreaDepartureTracks>
	</DepartureTracks>
	<CombiningTracks>
		<CombiningTrack puic="683f45ef-964d-4349-8331-b716055e9223" usefulLength="510">
			<TrackFragments>
				<TrackFragment railConnectionRef="4c61f54d-bfe3-4c09-a362-d8125428af84" fromMeasure="123" toMeasure="512"/>
			</TrackFragments>
			<OrderedSwitchPosition index="0" switchMechanismRef="91f3b5f3-8811-44b0-8ed6-b9e70357f8d6" switchPosition="Right"/>
			<SectionRefs>345f34a3-4603-4ee2-8fa1-a96fc93504fa f3cff5d6-4698-4191-ab55-0899f3659075</SectionRefs>
			<DemarcationObjectRefs>1d5031ee-4c64-400d-b734-644c6616bb13 f5365670-343b-41ab-8287-9379c7fefda3</DemarcationObjectRefs>
		</CombiningTrack>
	</CombiningTracks>
	<ErtmsBaliseGroups>
		<ErtmsBaliseGroup baliseGroupRef="f4e95840-e5ee-4128-9605-d811161c4186" geoPosKilometerValue="12.5">
			<M_VERSION>16</M_VERSION>
			<NID_C>425</NID_C>
			<Q_LINK>1</Q_LINK>
			<EuroBalise baliseRef="a19286b8-ea52-4758-a9f4-de1ea307817e">
				<M_DUP>1</M_DUP>
			</EuroBalise>
			<NID_BG>2564</NID_BG>
			<Q_UPDOWN>1</Q_UPDOWN>
			<Q_MEDIA>1</Q_MEDIA>
			<Q_LINKREACTION>1</Q_LINKREACTION>
		</ErtmsBaliseGroup>
		<ErtmsBaliseGroup baliseGroupRef="040694fb-e337-4a7f-b823-65225a33f67a" geoPosKilometerValue="15.39">
			<M_VERSION>16</M_VERSION>
			<NID_C>425</NID_C>
			<Q_LINK>1</Q_LINK>
			<EuroBalise baliseRef="a19286b8-ea52-4758-a9f4-de1ea307817e">
				<M_DUP>0</M_DUP>
			</EuroBalise>
			<NID_BG>9999</NID_BG>
			<Q_UPDOWN>1</Q_UPDOWN>
			<Q_MEDIA>1</Q_MEDIA>
			<Q_LINKREACTION>2</Q_LINKREACTION>
		</ErtmsBaliseGroup>
	</ErtmsBaliseGroups>
	<Telegrams>
		<Telegram puic="e7299d9a-f406-4d01-a1c6-406bb3249e26" baliseRef="a19286b8-ea52-4758-a9f4-de1ea307817e">
			<Packets>
				<Packet_0 index="0">
					<NID_PACKET>0</NID_PACKET>
					<NID_VBCMK>0</NID_VBCMK>
				</Packet_0>
				<Packet_3 index="0">
					<NID_PACKET>0</NID_PACKET>
					<Q_DIR>0</Q_DIR>
					<L_PACKET>10</L_PACKET>
					<Q_SCALE>0</Q_SCALE>
					<D_VALIDNV>1000</D_VALIDNV>
					<NID_C>86</NID_C>
					<N_ITER>1</N_ITER>
					<NID_C>87</NID_C>
					<V_NVSHUNT>20</V_NVSHUNT>
					<V_NVSTFF>18</V_NVSTFF>
					<V_NVONSIGHT>10</V_NVONSIGHT>
					<V_NVLIMSUPERV>20</V_NVLIMSUPERV>
					<V_NVUNFIT>20</V_NVUNFIT>
					<V_NVREL>20</V_NVREL>
					<D_NVROLL>100</D_NVROLL>
					<Q_NVSBTSMPERM>1</Q_NVSBTSMPERM>
					<Q_NVEMRRLS>1</Q_NVEMRRLS>
					<Q_NVGUIPERM>1</Q_NVGUIPERM>
					<Q_NVSBFBPERM>1</Q_NVSBFBPERM>
					<Q_NVINHSMICPERM>1</Q_NVINHSMICPERM>
					<V_NVALLOWOVTRP>100</V_NVALLOWOVTRP>
					<V_NVSUPOVTRP>100</V_NVSUPOVTRP>
					<D_NVOVTRP>80</D_NVOVTRP>
					<T_NVOVTRP>5</T_NVOVTRP>
					<D_NVPOTRP>80</D_NVPOTRP>
					<M_NVCONTACT>2</M_NVCONTACT>
					<T_NVCONTACT>15</T_NVCONTACT>
					<M_NVDERUN>1</M_NVDERUN>
					<D_NVSTFF>80</D_NVSTFF>
					<Q_NVDRIVER_ADHES>0</Q_NVDRIVER_ADHES>
					<A_NVMAXREDADH1>60</A_NVMAXREDADH1>
					<A_NVMAXREDADH2>61</A_NVMAXREDADH2>
					<A_NVMAXREDADH3>63</A_NVMAXREDADH3>
					<Q_NVLOCACC>1</Q_NVLOCACC>
					<M_NVAVADH>1</M_NVAVADH>
					<M_NVEBCL>2</M_NVEBCL>
					<Q_NVKINT>0</Q_NVKINT>
					<Q_NVKVINTSET>1</Q_NVKVINTSET>
					<A_NVP12>1</A_NVP12>
					<A_NVP23>2</A_NVP23>
					<V_NVKVINT>20</V_NVKVINT>
					<M_NVKVINT>1</M_NVKVINT>
					<M_NVKVINT>2</M_NVKVINT>
					<N_ITER>1</N_ITER>
					<V_NVKVINT>21</V_NVKVINT>
					<M_NVKVINT>1</M_NVKVINT>
					<M_NVKVINT>2</M_NVKVINT>
					<N_ITER>1</N_ITER>
					<Q_NVKVINTSET>1</Q_NVKVINTSET>
					<A_NVP12>1</A_NVP12>
					<A_NVP23>1</A_NVP23>
					<V_NVKVINT>20</V_NVKVINT>
					<M_NVKVINT>1</M_NVKVINT>
					<M_NVKVINT>2</M_NVKVINT>
					<N_ITER>1</N_ITER>
					<V_NVKVINT>22</V_NVKVINT>
					<M_NVKVINT>1</M_NVKVINT>
					<M_NVKVINT>2</M_NVKVINT>
					<L_NVKRINT>1</L_NVKRINT>
					<M_NVKRINT>20</M_NVKRINT>
					<N_ITER>1</N_ITER>
					<L_NVKRINT>2</L_NVKRINT>
					<M_NVKRINT>31</M_NVKRINT>
					<M_NVKTINT>1</M_NVKTINT>
				</Packet_3>
				<Packet_27 index="0">
					<NID_PACKET>0</NID_PACKET>
					<Q_DIR>0</Q_DIR>
					<L_PACKET>0</L_PACKET>
					<Q_SCALE>0</Q_SCALE>
					<D_STATIC>0</D_STATIC>
					<V_STATIC>10</V_STATIC>
					<Q_FRONT>1</Q_FRONT>
					<N_ITER>2</N_ITER>
					<Q_DIFF>0</Q_DIFF>
					<NC_CDDIFF>2</NC_CDDIFF>
					<V_DIFF>12</V_DIFF>
					<Q_DIFF>1</Q_DIFF>
					<NC_CDDIFF>1</NC_CDDIFF>
					<V_DIFF>5</V_DIFF>
					<N_ITER>1</N_ITER>
					<D_STATIC>150</D_STATIC>
					<V_STATIC>10</V_STATIC>
					<Q_FRONT>1</Q_FRONT>
					<N_ITER>1</N_ITER>
					<Q_DIFF>0</Q_DIFF>
					<NC_CDDIFF>2</NC_CDDIFF>
					<V_DIFF>12</V_DIFF>
				</Packet_27>
				<Packet_45 index="0">
					<NID_PACKET>0</NID_PACKET>
					<Q_DIR>0</Q_DIR>
					<L_PACKET>0</L_PACKET>
					<NID_MN>123456</NID_MN>
				</Packet_45>
				<Packet_45 index="1">
					<NID_PACKET>0</NID_PACKET>
					<Q_DIR>0</Q_DIR>
					<L_PACKET>0</L_PACKET>
					<NID_MN>123FFF</NID_MN>
				</Packet_45>
				<Packet_72 index="0">
					<NID_PACKET>0</NID_PACKET>
					<Q_DIR>1</Q_DIR>
					<L_PACKET>234</L_PACKET>
					<Q_SCALE>0</Q_SCALE>
					<Q_TEXTCLASS>0</Q_TEXTCLASS>
					<Q_TEXTDISPLAY>0</Q_TEXTDISPLAY>
					<D_TEXTDISPLAY>50</D_TEXTDISPLAY>
					<M_MODETEXTDISPLAY>1</M_MODETEXTDISPLAY>
					<M_LEVELTEXTDISPLAY>1</M_LEVELTEXTDISPLAY>
					<L_TEXTDISPLAY>150</L_TEXTDISPLAY>
					<T_TEXTDISPLAY>30</T_TEXTDISPLAY>
					<M_MODETEXTDISPLAY>0</M_MODETEXTDISPLAY>
					<M_LEVELTEXTDISPLAY>0</M_LEVELTEXTDISPLAY>
					<Q_TEXTCONFIRM>1</Q_TEXTCONFIRM>
					<Q_CONFTEXTDISPLAY>0</Q_CONFTEXTDISPLAY>
					<Q_TEXTREPORT>0</Q_TEXTREPORT>
					<NID_TEXTMESSAGE>1</NID_TEXTMESSAGE>
					<NID_C>123</NID_C>
					<NID_RBC>567</NID_RBC>
					<L_TEXT>18</L_TEXT>
					<X_TEXT>This is a message.</X_TEXT>
				</Packet_72>
				<Packet_139 index="0">
					<NID_PACKET>0</NID_PACKET>
					<Q_DIR>0</Q_DIR>
					<L_PACKET>0</L_PACKET>
					<Q_SCALE>0</Q_SCALE>
					<D_REVERSE>0</D_REVERSE>
					<V_REVERSE>34</V_REVERSE>
				</Packet_139>
				<Packet_140 index="0">
					<NID_PACKET>0</NID_PACKET>
					<Q_DIR>0</Q_DIR>
					<L_PACKET>0</L_PACKET>
					<NID_OPERATIONAL>12345678</NID_OPERATIONAL>
				</Packet_140>
				<Packet_140 index="0">
					<NID_PACKET>0</NID_PACKET>
					<Q_DIR>0</Q_DIR>
					<L_PACKET>0</L_PACKET>
					<NID_OPERATIONAL>123FFFFF</NID_OPERATIONAL>
				</Packet_140>
				<Packet_143 index="0">
					<NID_PACKET>0</NID_PACKET>
					<Q_DIR>0</Q_DIR>
					<L_PACKET>0</L_PACKET>
					<Q_RIU>0</Q_RIU>
					<NID_C>86</NID_C>
					<NID_RIU>0</NID_RIU>
					<NID_RADIO>31302339600FFFFF</NID_RADIO>
				</Packet_143>
				<Packet_143 index="1">
					<NID_PACKET>0</NID_PACKET>
					<Q_DIR>0</Q_DIR>
					<L_PACKET>0</L_PACKET>
					<Q_RIU>0</Q_RIU>
					<NID_C>86</NID_C>
					<NID_RIU>0</NID_RIU>
					<NID_RADIO>FFFFFFFFFFFFFFFF</NID_RADIO>
				</Packet_143>
			</Packets>
			<Conditions>
				<RouteCondition functionalRouteRef="d42021d0-2f20-4e49-a7aa-7eb2435ecb00" shuntingModeActive="True"/>
			</Conditions>
			<M_MCOUNT>1</M_MCOUNT>
		</Telegram>
		<Telegram puic="812ca28d-c25b-4e0c-a217-b95f27036639" baliseRef="a19286b8-ea52-4758-a9f4-de1ea307817e">
			<Packets>
				<Packet_0 index="0">
					<NID_PACKET>0</NID_PACKET>
					<NID_VBCMK>0</NID_VBCMK>
				</Packet_0>
			</Packets>
			<Conditions>
				<SignalCondition signalAspectRef="a761ba8b-e79d-4c9a-9766-b57ff7f45496"/>
			</Conditions>
			<M_MCOUNT>1</M_MCOUNT>
		</Telegram>
	</Telegrams>
	<ErtmsRoutes>
		<ErtmsRoute functionalRouteRef="d42021d0-2f20-4e49-a7aa-7eb2435ecb00" shuntingModeRoute="False">
			<SectionTimer>
				<SectionTimerStopLocation railConnectionRef="4c61f54d-bfe3-4c09-a362-d8125428af84" atMeasure="346" direction="Upstream"/>
				<T_SECTIONTIMER>10</T_SECTIONTIMER>
			</SectionTimer>
			<BaliseListRefs>3e7593ca-6ac2-4348-b341-5523c917d3e6 7628476f-5302-45f8-8ade-867aa53282a0</BaliseListRefs>
			<ExcludedBaliseGroupRefs>3e7593ca-6ac2-4348-b341-5523c917d3e6 7628476f-5302-45f8-8ade-867aa53282a0</ExcludedBaliseGroupRefs>
			<TemporaryShuntingRouteTimer temporaryShuntingAreaRef="1c1cd82b-2430-4169-b486-6ed55922600c" standStillTimer="12"/>
			<LinkListL1Refs>3e7593ca-6ac2-4348-b341-5523c917d3e6 7628476f-5302-45f8-8ade-867aa53282a0</LinkListL1Refs>
		</ErtmsRoute>
	</ErtmsRoutes>
	<ErtmsAreas>
		<ErtmsArea puic="b7bc0041-6b3d-4b13-a14b-48ac65fa68a1" level="2">
			<TrackFragments>
				<TrackFragment railConnectionRef="4c61f54d-bfe3-4c09-a362-d8125428af84" fromMeasure="123" toMeasure="512"/>
			</TrackFragments>
			<DemarcationMarkers>
				<DemarcationMarker railConnectionRef="4c61f54d-bfe3-4c09-a362-d8125428af84" direction="Upstream" atMeasure="123"/>
				<DemarcationMarker railConnectionRef="4c61f54d-bfe3-4c09-a362-d8125428af84" direction="Upstream" atMeasure="512"/>
			</DemarcationMarkers>
			<LevelTransitionRefs>ccd5d1c4-2e80-4c7b-8361-8151eb19eb3c</LevelTransitionRefs>
		</ErtmsArea>
	</ErtmsAreas>
	<PositionReportParametersAreas>
		<PositionReportParametersArea puic="a8c4f371-215e-4a22-bef8-ea4d7662483a">
			<TrackFragments>
				<TrackFragment railConnectionRef="4c61f54d-bfe3-4c09-a362-d8125428af84" fromMeasure="123" toMeasure="512"/>
			</TrackFragments>
			<DemarcationMarkers>
				<DemarcationMarker railConnectionRef="4c61f54d-bfe3-4c09-a362-d8125428af84" direction="Upstream" atMeasure="123"/>
				<DemarcationMarker railConnectionRef="4c61f54d-bfe3-4c09-a362-d8125428af84" direction="Downstream" atMeasure="512"/>
			</DemarcationMarkers>
			<T_CYCLOC>5</T_CYCLOC>
		</PositionReportParametersArea>
	</PositionReportParametersAreas>
	<ObjectControllers>
		<ObjectController puic="b4d009fa-46d3-4767-ae28-9f36594bbf0e" ipAddressAssignmentType="DHCP" housingRef="5f3e6780-5cae-411a-8adc-a546eb78928d">
			<Location>
				<GeographicLocation dataAcquisitionMethod="DGPS">
					<gml:Point>
						<gml:coordinates>202361.017,437300.21</gml:coordinates>
					</gml:Point>
				</GeographicLocation>
			</Location>
			<NetworkSwitchConnection network="A" portNumber="3"/>
			<NetworkSwitchConnection network="B" portNumber="1"/>
			<ControlledObjectRefs>
				b4d009fa-46d3-4767-ae28-9f36694bbf0e b4d129fa-46d3-4767-ae28-9f36594bbf0e
			</ControlledObjectRefs>
		</ObjectController>
	</ObjectControllers>
	<WeightLimitMarkers>
		<WeightLimitMarker puic="c8e32e73-86c4-487d-94d4-3fcb5c474304" signalRef="7494c112-5b49-4cb0-85fa-b9809b4fafae" weightLimitMarkerType="CargoMarker">
			<Location>
				<GeographicLocation dataAcquisitionMethod="DGPS">
					<gml:Point>
						<gml:coordinates>202361.017,437300.21</gml:coordinates>
					</gml:Point>
				</GeographicLocation>
			</Location>
			<RailConnectionInfo railConnectionRef="4c61f54d-bfe3-4c09-a362-d8125428af84" direction="Upstream" fromMeasure="10" toMeasure="425"/>
		</WeightLimitMarker>
	</WeightLimitMarkers>
	<NetworkRegistrationMarkers>
		<NetworkRegistrationMarker puic="4b786b90-e1af-4f67-b6d1-6b06db0b06e5">
			<Location>
				<GeographicLocation dataAcquisitionMethod="DGPS">
					<gml:Point>
						<gml:coordinates>202361.017,437300.21</gml:coordinates>
					</gml:Point>
				</GeographicLocation>
			</Location>
			<RailConnectionInfo railConnectionRef="4c61f54d-bfe3-4c09-a362-d8125428af84" direction="Upstream" fromMeasure="10" toMeasure="425"/>
			<NID_MN>123456</NID_MN>
		</NetworkRegistrationMarker>
	</NetworkRegistrationMarkers>
</Ertms>
